name,seq_length,cds,plasmid_rep,method
ESBL09_1,10432,12,Col156,Illumina_SPAdes
ESBL11_1,5307,4,Col156,Illumina_SPAdes
ESBL11_2,4486,3,Col156,Illumina_SPAdes
ESBL15_1,4861,5,Col156,Illumina_SPAdes
ESBL16_1,4861,5,Col156,Illumina_SPAdes
ESBL19_1,8910,8,Col156,Illumina_SPAdes
ESBL19_2,5294,4,Col156,Illumina_SPAdes
ESBL20_1,8941,8,Col156,Illumina_SPAdes
ESBL20_2,5294,4,Col156,Illumina_SPAdes
ESBL21_1,956,1,Col156,Illumina_SPAdes
ESBL22_1,10524,12,Col156,Illumina_SPAdes
ESBL22_2,5294,6,Col156,Illumina_SPAdes
ESBL25_1,7577,6,Col156,Illumina_SPAdes
ESBL26_1,7577,6,Col156,Illumina_SPAdes
ESBL11_1,4209,3,Col8282,Illumina_SPAdes
ESBL25_1,4199,5,Col8282,Illumina_SPAdes
ESBL26_1,4199,5,Col8282,Illumina_SPAdes
ESBL01_1,7015,7,ColRNAI,Illumina_SPAdes
ESBL09_1,4200,5,ColRNAI,Illumina_SPAdes
ESBL15_1,5457,5,ColRNAI,Illumina_SPAdes
ESBL16_1,5457,5,ColRNAI,Illumina_SPAdes
ESBL18_1,12310,11,ColRNAI,Illumina_SPAdes
ESBL18_2,4043,3,ColRNAI,Illumina_SPAdes
ESBL21_1,8681,8,ColRNAI,Illumina_SPAdes
ESBL25_1,8066,8,ColRNAI,Illumina_SPAdes
ESBL25_2,5758,6,ColRNAI,Illumina_SPAdes
ESBL26_1,8066,8,ColRNAI,Illumina_SPAdes
ESBL26_2,5758,5,ColRNAI,Illumina_SPAdes
ESBL04_1,1586,1,Col_MG828,Illumina_SPAdes
ESBL09_1,1724,2,Col_MG828,Illumina_SPAdes
ESBL09_2,1676,1,Col_MG828,Illumina_SPAdes
ESBL09_3,1560,1,Col_MG828,Illumina_SPAdes
ESBL11_1,1586,2,Col_MG828,Illumina_SPAdes
ESBL14_1,1505,0,Col_MG828,Illumina_SPAdes
ESBL18_1,1692,1,Col_MG828,Illumina_SPAdes
ESBL18_2,1678,1,Col_MG828,Illumina_SPAdes
ESBL18_3,1516,2,Col_MG828,Illumina_SPAdes
ESBL19_1,1676,1,Col_MG828,Illumina_SPAdes
ESBL20_1,1676,1,Col_MG828,Illumina_SPAdes
ESBL25_1,1679,2,Col_MG828,Illumina_SPAdes
ESBL26_1,1679,2,Col_MG828,Illumina_SPAdes
ESBL18_1,73227,79,IncB,Illumina_SPAdes
ESBL25_1,92461,103,IncB,Illumina_SPAdes
ESBL26_1,92461,103,IncB,Illumina_SPAdes
ESBL01_1,15794,20,IncFIA,Illumina_SPAdes
ESBL02_1,20597,18,IncFIA,Illumina_SPAdes
ESBL03_1,24867,28,IncFIA,Illumina_SPAdes
ESBL07_1,78445,72,IncFIA,Illumina_SPAdes
ESBL08_1,15582,18,IncFIA,Illumina_SPAdes
ESBL10_1,24867,28,IncFIA,Illumina_SPAdes
ESBL11_1,27553,29,IncFIA,Illumina_SPAdes
ESBL14_1,33850,39,IncFIA,Illumina_SPAdes
ESBL17_1,24880,28,IncFIA,Illumina_SPAdes
ESBL19_1,9166,8,IncFIA,Illumina_SPAdes
ESBL20_1,9166,8,IncFIA,Illumina_SPAdes
ESBL21_1,13867,14,IncFIA,Illumina_SPAdes
ESBL22_1,22944,25,IncFIA,Illumina_SPAdes
ESBL25_1,63113,72,IncFIA,Illumina_SPAdes
ESBL26_1,23688,27,IncFIA,Illumina_SPAdes
ESBL01_1,9342,10,IncFIB_AP001918,Illumina_SPAdes
ESBL02_1,6552,8,IncFIB_AP001918,Illumina_SPAdes
ESBL03_1,11169,11,IncFIB_AP001918,Illumina_SPAdes
ESBL07_1,4386,5,IncFIB_AP001918,Illumina_SPAdes
ESBL08_1,3817,5,IncFIB_AP001918,Illumina_SPAdes
ESBL09_1,34364,39,IncFIB_AP001918,Illumina_SPAdes
ESBL10_1,11916,12,IncFIB_AP001918,Illumina_SPAdes
ESBL11_1,18749,25,IncFIB_AP001918,Illumina_SPAdes
ESBL12_1,36883,46,IncFIB_AP001918,Illumina_SPAdes
ESBL14_1,33850,39,IncFIB_AP001918,Illumina_SPAdes
ESBL17_1,23729,24,IncFIB_AP001918,Illumina_SPAdes
ESBL19_1,8400,9,IncFIB_AP001918,Illumina_SPAdes
ESBL20_1,5813,6,IncFIB_AP001918,Illumina_SPAdes
ESBL21_1,20951,23,IncFIB_AP001918,Illumina_SPAdes
ESBL22_1,7936,8,IncFIB_AP001918,Illumina_SPAdes
ESBL25_1,11789,14,IncFIB_AP001918,Illumina_SPAdes
ESBL26_1,11789,14,IncFIB_AP001918,Illumina_SPAdes
ESBL05_1,98893,114,IncFIB_pKPHS1,Illumina_SPAdes
ESBL06_1,110632,128,IncFIB_pKPHS1,Illumina_SPAdes
ESBL13_1,46760,50,IncFIB_pKPHS1,Illumina_SPAdes
ESBL01_1,19876,20,IncFIC_FII,Illumina_SPAdes
ESBL01_2,16146,13,IncFIC_FII,Illumina_SPAdes
ESBL03_1,18352,24,IncFIC_FII,Illumina_SPAdes
ESBL07_1,5203,5,IncFIC_FII,Illumina_SPAdes
ESBL07_2,3147,6,IncFIC_FII,Illumina_SPAdes
ESBL07_3,2979,5,IncFIC_FII,Illumina_SPAdes
ESBL08_1,15706,20,IncFIC_FII,Illumina_SPAdes
ESBL08_2,7438,10,IncFIC_FII,Illumina_SPAdes
ESBL10_1,18351,24,IncFIC_FII,Illumina_SPAdes
ESBL14_1,18206,14,IncFIC_FII,Illumina_SPAdes
ESBL17_1,51676,53,IncFIC_FII,Illumina_SPAdes
ESBL17_2,3177,5,IncFIC_FII,Illumina_SPAdes
ESBL25_1,6657,7,IncFIC_FII,Illumina_SPAdes
ESBL26_1,6657,7,IncFIC_FII,Illumina_SPAdes
ESBL02_1,37208,39,IncFII_pRSB107,Illumina_SPAdes
ESBL11_1,24451,23,IncFII_pRSB107,Illumina_SPAdes
ESBL12_1,40932,40,IncFII_pRSB107,Illumina_SPAdes
ESBL19_1,4972,7,IncFII_pRSB107,Illumina_SPAdes
ESBL20_1,4972,7,IncFII_pRSB107,Illumina_SPAdes
ESBL21_1,7746,9,IncFII_pRSB107,Illumina_SPAdes
ESBL22_1,4973,7,IncFII_pRSB107,Illumina_SPAdes
ESBL01_1,18238,18,IncI1,Illumina_SPAdes
ESBL02_1,20934,19,IncI1,Illumina_SPAdes
ESBL05_1,83620,89,IncI1,Illumina_SPAdes
ESBL06_1,55870,57,IncI1,Illumina_SPAdes
ESBL09_1,24814,23,IncI1,Illumina_SPAdes
ESBL13_1,43172,45,IncI1,Illumina_SPAdes
ESBL15_1,7726,5,IncI1,Illumina_SPAdes
ESBL16_1,26627,28,IncI1,Illumina_SPAdes
ESBL19_1,85434,93,IncI1,Illumina_SPAdes
ESBL20_1,64687,65,IncI1,Illumina_SPAdes
ESBL21_1,30818,36,IncI1,Illumina_SPAdes
ESBL05_1,27853,35,IncX1,Illumina_SPAdes
ESBL06_1,9600,13,IncX1,Illumina_SPAdes
ESBL18_1,2249,3,IncX1,Illumina_SPAdes
ESBL05_1,27853,35,IncX3,Illumina_SPAdes
ESBL06_1,3384,4,IncX3,Illumina_SPAdes
ESBL18_1,2249,3,IncX3,Illumina_SPAdes
ESBL14_1,1650,3,IncX4,Illumina_SPAdes
ESBL14_2,1505,0,IncX4,Illumina_SPAdes
ESBL21_1,32489,46,IncX4,Illumina_SPAdes
ESBL11_1,52962,57,p0111,Illumina_SPAdes
ESBL17_1,80773,92,p0111,Illumina_SPAdes
ESBL25_1,54750,63,p0111,Illumina_SPAdes
ESBL26_1,43680,54,p0111,Illumina_SPAdes
ESBL09_1,144736,177,Col156,NP_Canu
ESBL11_1,10122,13,Col156,NP_Canu
ESBL11_2,9928,14,Col156,NP_Canu
ESBL15_1,9714,14,Col156,NP_Canu
ESBL16_1,9435,13,Col156,NP_Canu
ESBL16_2,4830,6,Col156,NP_Canu
ESBL19_1,160608,87,Col156,NP_Canu
ESBL19_2,10056,13,Col156,NP_Canu
ESBL20_1,179740,231,Col156,NP_Canu
ESBL20_2,9676,9,Col156,NP_Canu
ESBL21_1,12351,16,Col156,NP_Canu
ESBL21_2,9572,14,Col156,NP_Canu
ESBL21_3,5612,7,Col156,NP_Canu
ESBL21_4,5276,8,Col156,NP_Canu
ESBL21_5,5186,5,Col156,NP_Canu
ESBL22_1,166358,146,Col156,NP_Canu
ESBL22_2,10181,10,Col156,NP_Canu
ESBL25_1,14224,18,Col156,NP_Canu
ESBL26_1,14187,22,Col156,NP_Canu
ESBL11_1,8065,11,Col8282,NP_Canu
ESBL25_1,7109,12,Col8282,NP_Canu
ESBL26_1,7661,9,Col8282,NP_Canu
ESBL01_1,13522,14,ColRNAI,NP_Canu
ESBL09_1,7172,11,ColRNAI,NP_Canu
ESBL09_2,4458,6,ColRNAI,NP_Canu
ESBL15_1,10099,14,ColRNAI,NP_Canu
ESBL15_2,5259,7,ColRNAI,NP_Canu
ESBL16_1,10353,14,ColRNAI,NP_Canu
ESBL16_10,5270,7,ColRNAI,NP_Canu
ESBL16_11,5211,6,ColRNAI,NP_Canu
ESBL16_2,6141,5,ColRNAI,NP_Canu
ESBL16_3,5942,7,ColRNAI,NP_Canu
ESBL16_4,5722,8,ColRNAI,NP_Canu
ESBL16_5,5662,7,ColRNAI,NP_Canu
ESBL16_6,5619,5,ColRNAI,NP_Canu
ESBL16_7,5485,7,ColRNAI,NP_Canu
ESBL16_8,5373,6,ColRNAI,NP_Canu
ESBL16_9,5329,5,ColRNAI,NP_Canu
ESBL18_1,12994,22,ColRNAI,NP_Canu
ESBL18_2,10978,19,ColRNAI,NP_Canu
ESBL18_3,7388,8,ColRNAI,NP_Canu
ESBL21_1,16966,33,ColRNAI,NP_Canu
ESBL25_1,14509,18,ColRNAI,NP_Canu
ESBL25_2,10585,20,ColRNAI,NP_Canu
ESBL26_1,22456,32,ColRNAI,NP_Canu
ESBL04_1,2558,3,Col_MG828,NP_Canu
ESBL09_1,2938,1,Col_MG828,NP_Canu
ESBL09_2,2891,3,Col_MG828,NP_Canu
ESBL11_1,2859,2,Col_MG828,NP_Canu
ESBL14_1,55968,82,Col_MG828,NP_Canu
ESBL18_1,4069,3,Col_MG828,NP_Canu
ESBL18_2,2764,2,Col_MG828,NP_Canu
ESBL19_1,3023,4,Col_MG828,NP_Canu
ESBL20_1,2956,1,Col_MG828,NP_Canu
ESBL25_1,2822,2,Col_MG828,NP_Canu
ESBL26_1,3023,1,Col_MG828,NP_Canu
ESBL15_1,10099,14,Col_MGD2,NP_Canu
ESBL15_2,5259,7,Col_MGD2,NP_Canu
ESBL16_1,10353,14,Col_MGD2,NP_Canu
ESBL16_10,5270,7,Col_MGD2,NP_Canu
ESBL16_11,5211,6,Col_MGD2,NP_Canu
ESBL16_2,6141,5,Col_MGD2,NP_Canu
ESBL16_3,5942,7,Col_MGD2,NP_Canu
ESBL16_4,5722,8,Col_MGD2,NP_Canu
ESBL16_5,5662,7,Col_MGD2,NP_Canu
ESBL16_6,5619,5,Col_MGD2,NP_Canu
ESBL16_7,5485,7,Col_MGD2,NP_Canu
ESBL16_8,5373,6,Col_MGD2,NP_Canu
ESBL16_9,5329,5,Col_MGD2,NP_Canu
ESBL18_1,143493,311,IncB,NP_Canu
ESBL25_1,114530,302,IncB,NP_Canu
ESBL26_1,119676,83,IncB,NP_Canu
ESBL01_1,177888,309,IncFIA,NP_Canu
ESBL03_1,160860,156,IncFIA,NP_Canu
ESBL07_1,157432,197,IncFIA,NP_Canu
ESBL08_1,262122,381,IncFIA,NP_Canu
ESBL10_1,188257,312,IncFIA,NP_Canu
ESBL11_1,188523,195,IncFIA,NP_Canu
ESBL14_1,69054,101,IncFIA,NP_Canu
ESBL19_1,160608,87,IncFIA,NP_Canu
ESBL20_1,179740,231,IncFIA,NP_Canu
ESBL21_1,166754,271,IncFIA,NP_Canu
ESBL22_1,166358,146,IncFIA,NP_Canu
ESBL25_1,173032,331,IncFIA,NP_Canu
ESBL26_1,171216,245,IncFIA,NP_Canu
ESBL01_1,177888,309,IncFIB_AP001918,NP_Canu
ESBL03_1,160860,156,IncFIB_AP001918,NP_Canu
ESBL07_1,157432,197,IncFIB_AP001918,NP_Canu
ESBL08_1,262122,381,IncFIB_AP001918,NP_Canu
ESBL09_1,144736,177,IncFIB_AP001918,NP_Canu
ESBL10_1,188257,312,IncFIB_AP001918,NP_Canu
ESBL11_1,188523,195,IncFIB_AP001918,NP_Canu
ESBL12_1,220985,322,IncFIB_AP001918,NP_Canu
ESBL14_1,69054,101,IncFIB_AP001918,NP_Canu
ESBL19_1,160608,87,IncFIB_AP001918,NP_Canu
ESBL20_1,179740,231,IncFIB_AP001918,NP_Canu
ESBL21_1,166754,271,IncFIB_AP001918,NP_Canu
ESBL22_1,166358,146,IncFIB_AP001918,NP_Canu
ESBL25_1,173032,331,IncFIB_AP001918,NP_Canu
ESBL26_1,171216,245,IncFIB_AP001918,NP_Canu
ESBL01_1,177888,309,IncFIC_FII,NP_Canu
ESBL01_2,117012,55,IncFIC_FII,NP_Canu
ESBL03_1,160860,156,IncFIC_FII,NP_Canu
ESBL07_1,157432,197,IncFIC_FII,NP_Canu
ESBL07_2,125173,161,IncFIC_FII,NP_Canu
ESBL08_1,262122,381,IncFIC_FII,NP_Canu
ESBL10_1,188257,312,IncFIC_FII,NP_Canu
ESBL17_1,62869,112,IncFIC_FII,NP_Canu
ESBL17_2,39869,67,IncFIC_FII,NP_Canu
ESBL25_1,173032,331,IncFIC_FII,NP_Canu
ESBL26_1,171216,245,IncFIC_FII,NP_Canu
ESBL11_1,188523,195,IncFII_pRSB107,NP_Canu
ESBL12_1,220985,322,IncFII_pRSB107,NP_Canu
ESBL19_1,160608,87,IncFII_pRSB107,NP_Canu
ESBL20_1,179740,231,IncFII_pRSB107,NP_Canu
ESBL21_1,166754,271,IncFII_pRSB107,NP_Canu
ESBL22_1,166358,146,IncFII_pRSB107,NP_Canu
ESBL01_1,131269,276,IncI1,NP_Canu
ESBL05_1,124048,288,IncI1,NP_Canu
ESBL06_1,106460,102,IncI1,NP_Canu
ESBL09_1,101144,109,IncI1,NP_Canu
ESBL19_1,106367,48,IncI1,NP_Canu
ESBL20_1,118446,230,IncI1,NP_Canu
ESBL21_1,166754,271,IncI1,NP_Canu
ESBL05_1,51931,83,IncN,NP_Canu
ESBL05_2,37861,58,IncN,NP_Canu
ESBL06_1,42363,69,IncN,NP_Canu
ESBL05_1,51931,83,IncR,NP_Canu
ESBL05_2,37861,58,IncR,NP_Canu
ESBL06_1,42363,69,IncR,NP_Canu
ESBL05_1,86644,113,IncX1,NP_Canu
ESBL05_2,50134,66,IncX1,NP_Canu
ESBL05_3,40081,52,IncX1,NP_Canu
ESBL06_1,70754,88,IncX1,NP_Canu
ESBL18_1,71652,99,IncX1,NP_Canu
ESBL21_1,56877,88,IncX1,NP_Canu
ESBL21_2,28945,45,IncX1,NP_Canu
ESBL05_1,86644,113,IncX3,NP_Canu
ESBL05_2,50134,66,IncX3,NP_Canu
ESBL05_3,40081,52,IncX3,NP_Canu
ESBL06_1,70754,88,IncX3,NP_Canu
ESBL18_1,71652,99,IncX3,NP_Canu
ESBL11_1,123341,171,p0111,NP_Canu
ESBL11_2,29639,48,p0111,NP_Canu
ESBL25_1,116419,163,p0111,NP_Canu
ESBL26_1,133652,244,p0111,NP_Canu
ESBL09_1,146629,192,Col156,NP_Canu_Hybrid_Polished
ESBL11_1,10264,11,Col156,NP_Canu_Hybrid_Polished
ESBL11_2,10037,11,Col156,NP_Canu_Hybrid_Polished
ESBL15_1,9849,11,Col156,NP_Canu_Hybrid_Polished
ESBL16_1,9521,12,Col156,NP_Canu_Hybrid_Polished
ESBL16_2,4881,6,Col156,NP_Canu_Hybrid_Polished
ESBL19_1,162440,207,Col156,NP_Canu_Hybrid_Polished
ESBL19_2,10215,12,Col156,NP_Canu_Hybrid_Polished
ESBL20_1,181546,224,Col156,NP_Canu_Hybrid_Polished
ESBL20_2,9844,11,Col156,NP_Canu_Hybrid_Polished
ESBL21_1,12476,17,Col156,NP_Canu_Hybrid_Polished
ESBL21_2,9671,14,Col156,NP_Canu_Hybrid_Polished
ESBL21_3,5670,6,Col156,NP_Canu_Hybrid_Polished
ESBL21_4,5316,8,Col156,NP_Canu_Hybrid_Polished
ESBL21_5,5241,5,Col156,NP_Canu_Hybrid_Polished
ESBL22_1,168178,205,Col156,NP_Canu_Hybrid_Polished
ESBL22_2,10311,12,Col156,NP_Canu_Hybrid_Polished
ESBL25_1,14409,15,Col156,NP_Canu_Hybrid_Polished
ESBL26_1,14379,19,Col156,NP_Canu_Hybrid_Polished
ESBL11_1,8142,7,Col8282,NP_Canu_Hybrid_Polished
ESBL25_1,7208,8,Col8282,NP_Canu_Hybrid_Polished
ESBL26_1,7738,8,Col8282,NP_Canu_Hybrid_Polished
ESBL01_1,13683,13,ColRNAI,NP_Canu_Hybrid_Polished
ESBL09_1,7271,9,ColRNAI,NP_Canu_Hybrid_Polished
ESBL09_2,4523,4,ColRNAI,NP_Canu_Hybrid_Polished
ESBL15_1,10219,13,ColRNAI,NP_Canu_Hybrid_Polished
ESBL15_2,5321,5,ColRNAI,NP_Canu_Hybrid_Polished
ESBL16_1,10434,13,ColRNAI,NP_Canu_Hybrid_Polished
ESBL16_10,5285,7,ColRNAI,NP_Canu_Hybrid_Polished
ESBL16_11,5228,7,ColRNAI,NP_Canu_Hybrid_Polished
ESBL16_2,6170,6,ColRNAI,NP_Canu_Hybrid_Polished
ESBL16_3,5962,9,ColRNAI,NP_Canu_Hybrid_Polished
ESBL16_4,5746,9,ColRNAI,NP_Canu_Hybrid_Polished
ESBL16_5,5682,8,ColRNAI,NP_Canu_Hybrid_Polished
ESBL16_6,5630,5,ColRNAI,NP_Canu_Hybrid_Polished
ESBL16_7,5505,8,ColRNAI,NP_Canu_Hybrid_Polished
ESBL16_8,5394,6,ColRNAI,NP_Canu_Hybrid_Polished
ESBL16_9,5340,4,ColRNAI,NP_Canu_Hybrid_Polished
ESBL18_1,13111,14,ColRNAI,NP_Canu_Hybrid_Polished
ESBL18_2,11096,15,ColRNAI,NP_Canu_Hybrid_Polished
ESBL18_3,7485,13,ColRNAI,NP_Canu_Hybrid_Polished
ESBL21_1,17155,20,ColRNAI,NP_Canu_Hybrid_Polished
ESBL25_1,14638,14,ColRNAI,NP_Canu_Hybrid_Polished
ESBL25_2,10718,15,ColRNAI,NP_Canu_Hybrid_Polished
ESBL26_1,22706,29,ColRNAI,NP_Canu_Hybrid_Polished
ESBL04_1,2591,1,Col_MG828,NP_Canu_Hybrid_Polished
ESBL09_1,2986,3,Col_MG828,NP_Canu_Hybrid_Polished
ESBL09_2,2926,3,Col_MG828,NP_Canu_Hybrid_Polished
ESBL11_1,2892,3,Col_MG828,NP_Canu_Hybrid_Polished
ESBL14_1,56634,80,Col_MG828,NP_Canu_Hybrid_Polished
ESBL18_1,4137,2,Col_MG828,NP_Canu_Hybrid_Polished
ESBL18_2,2788,4,Col_MG828,NP_Canu_Hybrid_Polished
ESBL19_1,3076,3,Col_MG828,NP_Canu_Hybrid_Polished
ESBL20_1,3001,2,Col_MG828,NP_Canu_Hybrid_Polished
ESBL25_1,2883,3,Col_MG828,NP_Canu_Hybrid_Polished
ESBL26_1,3055,2,Col_MG828,NP_Canu_Hybrid_Polished
ESBL15_1,10219,13,Col_MGD2,NP_Canu_Hybrid_Polished
ESBL15_2,5321,5,Col_MGD2,NP_Canu_Hybrid_Polished
ESBL16_1,10434,13,Col_MGD2,NP_Canu_Hybrid_Polished
ESBL16_10,5285,7,Col_MGD2,NP_Canu_Hybrid_Polished
ESBL16_11,5228,7,Col_MGD2,NP_Canu_Hybrid_Polished
ESBL16_2,6170,6,Col_MGD2,NP_Canu_Hybrid_Polished
ESBL16_3,5962,9,Col_MGD2,NP_Canu_Hybrid_Polished
ESBL16_4,5746,9,Col_MGD2,NP_Canu_Hybrid_Polished
ESBL16_5,5682,8,Col_MGD2,NP_Canu_Hybrid_Polished
ESBL16_6,5630,5,Col_MGD2,NP_Canu_Hybrid_Polished
ESBL16_7,5505,8,Col_MGD2,NP_Canu_Hybrid_Polished
ESBL16_8,5394,6,Col_MGD2,NP_Canu_Hybrid_Polished
ESBL16_9,5340,4,Col_MGD2,NP_Canu_Hybrid_Polished
ESBL18_1,145040,201,IncB,NP_Canu_Hybrid_Polished
ESBL25_1,116083,147,IncB,NP_Canu_Hybrid_Polished
ESBL26_1,121161,153,IncB,NP_Canu_Hybrid_Polished
ESBL01_1,179994,215,IncFIA,NP_Canu_Hybrid_Polished
ESBL03_1,162665,209,IncFIA,NP_Canu_Hybrid_Polished
ESBL07_1,159216,207,IncFIA,NP_Canu_Hybrid_Polished
ESBL08_1,264879,354,IncFIA,NP_Canu_Hybrid_Polished
ESBL10_1,189960,261,IncFIA,NP_Canu_Hybrid_Polished
ESBL11_1,190652,218,IncFIA,NP_Canu_Hybrid_Polished
ESBL14_1,69806,75,IncFIA,NP_Canu_Hybrid_Polished
ESBL19_1,162440,207,IncFIA,NP_Canu_Hybrid_Polished
ESBL20_1,181546,224,IncFIA,NP_Canu_Hybrid_Polished
ESBL21_1,168654,195,IncFIA,NP_Canu_Hybrid_Polished
ESBL22_1,168178,205,IncFIA,NP_Canu_Hybrid_Polished
ESBL25_1,174912,233,IncFIA,NP_Canu_Hybrid_Polished
ESBL26_1,173037,243,IncFIA,NP_Canu_Hybrid_Polished
ESBL01_1,179994,215,IncFIB_AP001918,NP_Canu_Hybrid_Polished
ESBL03_1,162665,209,IncFIB_AP001918,NP_Canu_Hybrid_Polished
ESBL07_1,159216,207,IncFIB_AP001918,NP_Canu_Hybrid_Polished
ESBL08_1,264879,354,IncFIB_AP001918,NP_Canu_Hybrid_Polished
ESBL09_1,146629,192,IncFIB_AP001918,NP_Canu_Hybrid_Polished
ESBL10_1,189960,261,IncFIB_AP001918,NP_Canu_Hybrid_Polished
ESBL11_1,190652,218,IncFIB_AP001918,NP_Canu_Hybrid_Polished
ESBL12_1,223453,286,IncFIB_AP001918,NP_Canu_Hybrid_Polished
ESBL14_1,69806,75,IncFIB_AP001918,NP_Canu_Hybrid_Polished
ESBL19_1,162440,207,IncFIB_AP001918,NP_Canu_Hybrid_Polished
ESBL20_1,181546,224,IncFIB_AP001918,NP_Canu_Hybrid_Polished
ESBL21_1,168654,195,IncFIB_AP001918,NP_Canu_Hybrid_Polished
ESBL22_1,168178,205,IncFIB_AP001918,NP_Canu_Hybrid_Polished
ESBL25_1,174912,233,IncFIB_AP001918,NP_Canu_Hybrid_Polished
ESBL26_1,173037,243,IncFIB_AP001918,NP_Canu_Hybrid_Polished
ESBL01_1,179994,215,IncFIC_FII,NP_Canu_Hybrid_Polished
ESBL01_2,118455,160,IncFIC_FII,NP_Canu_Hybrid_Polished
ESBL03_1,162665,209,IncFIC_FII,NP_Canu_Hybrid_Polished
ESBL07_1,159216,207,IncFIC_FII,NP_Canu_Hybrid_Polished
ESBL07_2,126666,173,IncFIC_FII,NP_Canu_Hybrid_Polished
ESBL08_1,264879,354,IncFIC_FII,NP_Canu_Hybrid_Polished
ESBL10_1,189960,261,IncFIC_FII,NP_Canu_Hybrid_Polished
ESBL14_1,72989,79,IncFIC_FII,NP_Canu_Hybrid_Polished
ESBL17_1,63697,69,IncFIC_FII,NP_Canu_Hybrid_Polished
ESBL17_2,40585,43,IncFIC_FII,NP_Canu_Hybrid_Polished
ESBL25_1,174912,233,IncFIC_FII,NP_Canu_Hybrid_Polished
ESBL26_1,173037,243,IncFIC_FII,NP_Canu_Hybrid_Polished
ESBL11_1,190652,218,IncFII_pRSB107,NP_Canu_Hybrid_Polished
ESBL12_1,223453,286,IncFII_pRSB107,NP_Canu_Hybrid_Polished
ESBL19_1,162440,207,IncFII_pRSB107,NP_Canu_Hybrid_Polished
ESBL20_1,181546,224,IncFII_pRSB107,NP_Canu_Hybrid_Polished
ESBL21_1,168654,195,IncFII_pRSB107,NP_Canu_Hybrid_Polished
ESBL22_1,168178,205,IncFII_pRSB107,NP_Canu_Hybrid_Polished
ESBL01_1,132838,156,IncI1,NP_Canu_Hybrid_Polished
ESBL05_1,125425,154,IncI1,NP_Canu_Hybrid_Polished
ESBL06_1,107878,131,IncI1,NP_Canu_Hybrid_Polished
ESBL09_1,101749,114,IncI1,NP_Canu_Hybrid_Polished
ESBL19_1,107902,115,IncI1,NP_Canu_Hybrid_Polished
ESBL20_1,119827,140,IncI1,NP_Canu_Hybrid_Polished
ESBL21_1,168654,195,IncI1,NP_Canu_Hybrid_Polished
ESBL05_1,52508,66,IncN,NP_Canu_Hybrid_Polished
ESBL05_2,37954,64,IncN,NP_Canu_Hybrid_Polished
ESBL06_1,43073,52,IncN,NP_Canu_Hybrid_Polished
ESBL05_1,52508,66,IncR,NP_Canu_Hybrid_Polished
ESBL05_2,37954,64,IncR,NP_Canu_Hybrid_Polished
ESBL06_1,43073,52,IncR,NP_Canu_Hybrid_Polished
ESBL05_1,87196,121,IncX1,NP_Canu_Hybrid_Polished
ESBL05_2,50205,55,IncX1,NP_Canu_Hybrid_Polished
ESBL05_3,40272,56,IncX1,NP_Canu_Hybrid_Polished
ESBL06_1,71629,92,IncX1,NP_Canu_Hybrid_Polished
ESBL18_1,72191,115,IncX1,NP_Canu_Hybrid_Polished
ESBL05_1,87196,121,IncX3,NP_Canu_Hybrid_Polished
ESBL05_2,50205,55,IncX3,NP_Canu_Hybrid_Polished
ESBL05_3,40272,56,IncX3,NP_Canu_Hybrid_Polished
ESBL06_1,71629,92,IncX3,NP_Canu_Hybrid_Polished
ESBL18_1,72191,115,IncX3,NP_Canu_Hybrid_Polished
ESBL11_1,124765,142,p0111,NP_Canu_Hybrid_Polished
ESBL11_2,29932,33,p0111,NP_Canu_Hybrid_Polished
ESBL25_1,117841,141,p0111,NP_Canu_Hybrid_Polished
ESBL26_1,135021,185,p0111,NP_Canu_Hybrid_Polished
ESBL09_1,116380,143,Col156,NP_SPAdes
ESBL11_1,5055,4,Col156,NP_SPAdes
ESBL11_2,4486,3,Col156,NP_SPAdes
ESBL15_1,4861,5,Col156,NP_SPAdes
ESBL16_1,4861,5,Col156,NP_SPAdes
ESBL19_1,217372,248,Col156,NP_SPAdes
ESBL19_2,5294,4,Col156,NP_SPAdes
ESBL20_1,217691,245,Col156,NP_SPAdes
ESBL20_2,5294,4,Col156,NP_SPAdes
ESBL21_1,956,1,Col156,NP_SPAdes
ESBL22_1,132614,155,Col156,NP_SPAdes
ESBL22_2,5294,6,Col156,NP_SPAdes
ESBL25_1,7577,6,Col156,NP_SPAdes
ESBL26_1,7577,6,Col156,NP_SPAdes
ESBL11_1,4209,3,Col8282,NP_SPAdes
ESBL25_1,4199,5,Col8282,NP_SPAdes
ESBL26_1,4199,5,Col8282,NP_SPAdes
ESBL01_1,7015,7,ColRNAI,NP_SPAdes
ESBL09_1,4200,5,ColRNAI,NP_SPAdes
ESBL15_1,5457,5,ColRNAI,NP_SPAdes
ESBL16_1,5457,5,ColRNAI,NP_SPAdes
ESBL18_1,4436,4,ColRNAI,NP_SPAdes
ESBL18_2,4043,3,ColRNAI,NP_SPAdes
ESBL18_3,3404,3,ColRNAI,NP_SPAdes
ESBL21_1,8681,8,ColRNAI,NP_SPAdes
ESBL25_1,8066,8,ColRNAI,NP_SPAdes
ESBL25_2,5758,6,ColRNAI,NP_SPAdes
ESBL26_1,8066,8,ColRNAI,NP_SPAdes
ESBL26_2,5758,5,ColRNAI,NP_SPAdes
ESBL04_1,1586,1,Col_MG828,NP_SPAdes
ESBL09_1,1724,2,Col_MG828,NP_SPAdes
ESBL09_2,1676,1,Col_MG828,NP_SPAdes
ESBL09_3,1560,1,Col_MG828,NP_SPAdes
ESBL11_1,1586,2,Col_MG828,NP_SPAdes
ESBL14_1,33951,46,Col_MG828,NP_SPAdes
ESBL18_1,1692,1,Col_MG828,NP_SPAdes
ESBL18_2,1678,1,Col_MG828,NP_SPAdes
ESBL18_3,1516,2,Col_MG828,NP_SPAdes
ESBL19_1,1676,1,Col_MG828,NP_SPAdes
ESBL20_1,1676,1,Col_MG828,NP_SPAdes
ESBL25_1,1679,2,Col_MG828,NP_SPAdes
ESBL26_1,1679,2,Col_MG828,NP_SPAdes
ESBL18_1,131620,151,IncB,NP_SPAdes
ESBL25_1,93691,105,IncB,NP_SPAdes
ESBL26_1,93691,105,IncB,NP_SPAdes
ESBL01_1,237424,232,IncFIA,NP_SPAdes
ESBL02_1,140240,158,IncFIA,NP_SPAdes
ESBL03_1,124099,138,IncFIA,NP_SPAdes
ESBL07_1,51816,62,IncFIA,NP_SPAdes
ESBL08_1,102606,112,IncFIA,NP_SPAdes
ESBL10_1,86672,99,IncFIA,NP_SPAdes
ESBL11_1,133587,148,IncFIA,NP_SPAdes
ESBL14_1,147116,151,IncFIA,NP_SPAdes
ESBL17_1,112431,123,IncFIA,NP_SPAdes
ESBL19_1,217372,248,IncFIA,NP_SPAdes
ESBL20_1,217691,245,IncFIA,NP_SPAdes
ESBL21_1,157543,167,IncFIA,NP_SPAdes
ESBL22_1,132614,155,IncFIA,NP_SPAdes
ESBL25_1,130370,160,IncFIA,NP_SPAdes
ESBL26_1,130061,155,IncFIA,NP_SPAdes
ESBL01_1,237424,232,IncFIB_AP001918,NP_SPAdes
ESBL02_1,140240,158,IncFIB_AP001918,NP_SPAdes
ESBL03_1,124099,138,IncFIB_AP001918,NP_SPAdes
ESBL07_1,133956,151,IncFIB_AP001918,NP_SPAdes
ESBL08_1,11672,12,IncFIB_AP001918,NP_SPAdes
ESBL09_1,116380,143,IncFIB_AP001918,NP_SPAdes
ESBL10_1,15098,17,IncFIB_AP001918,NP_SPAdes
ESBL11_1,133587,148,IncFIB_AP001918,NP_SPAdes
ESBL12_1,142563,176,IncFIB_AP001918,NP_SPAdes
ESBL14_1,147116,151,IncFIB_AP001918,NP_SPAdes
ESBL17_1,1637451,1528,IncFIB_AP001918,NP_SPAdes
ESBL19_1,217372,248,IncFIB_AP001918,NP_SPAdes
ESBL20_1,217691,245,IncFIB_AP001918,NP_SPAdes
ESBL21_1,157543,167,IncFIB_AP001918,NP_SPAdes
ESBL22_1,132614,155,IncFIB_AP001918,NP_SPAdes
ESBL25_1,130370,160,IncFIB_AP001918,NP_SPAdes
ESBL26_1,130061,155,IncFIB_AP001918,NP_SPAdes
ESBL05_1,110736,130,IncFIB_pKPHS1,NP_SPAdes
ESBL06_1,110738,130,IncFIB_pKPHS1,NP_SPAdes
ESBL13_1,109708,117,IncFIB_pKPHS1,NP_SPAdes
ESBL01_1,237424,232,IncFIC_FII,NP_SPAdes
ESBL01_2,26554,25,IncFIC_FII,NP_SPAdes
ESBL03_1,124099,138,IncFIC_FII,NP_SPAdes
ESBL07_1,133956,151,IncFIC_FII,NP_SPAdes
ESBL07_2,3147,6,IncFIC_FII,NP_SPAdes
ESBL08_1,102606,112,IncFIC_FII,NP_SPAdes
ESBL08_2,91689,114,IncFIC_FII,NP_SPAdes
ESBL10_1,86672,99,IncFIC_FII,NP_SPAdes
ESBL14_1,147116,151,IncFIC_FII,NP_SPAdes
ESBL17_1,112431,123,IncFIC_FII,NP_SPAdes
ESBL25_1,130370,160,IncFIC_FII,NP_SPAdes
ESBL26_1,130061,155,IncFIC_FII,NP_SPAdes
ESBL02_1,140240,158,IncFII_pRSB107,NP_SPAdes
ESBL11_1,133587,148,IncFII_pRSB107,NP_SPAdes
ESBL12_1,142563,176,IncFII_pRSB107,NP_SPAdes
ESBL19_1,217372,248,IncFII_pRSB107,NP_SPAdes
ESBL20_1,217691,245,IncFII_pRSB107,NP_SPAdes
ESBL21_1,157543,167,IncFII_pRSB107,NP_SPAdes
ESBL22_1,132614,155,IncFII_pRSB107,NP_SPAdes
ESBL01_1,111376,122,IncI1,NP_SPAdes
ESBL02_1,91990,100,IncI1,NP_SPAdes
ESBL05_1,83620,89,IncI1,NP_SPAdes
ESBL06_1,83619,88,IncI1,NP_SPAdes
ESBL09_1,89864,97,IncI1,NP_SPAdes
ESBL13_1,37050,42,IncI1,NP_SPAdes
ESBL15_1,88503,96,IncI1,NP_SPAdes
ESBL16_1,88424,96,IncI1,NP_SPAdes
ESBL19_1,217372,248,IncI1,NP_SPAdes
ESBL20_1,217691,245,IncI1,NP_SPAdes
ESBL21_1,157543,167,IncI1,NP_SPAdes
ESBL05_1,51560,62,IncX1,NP_SPAdes
ESBL06_1,52071,64,IncX1,NP_SPAdes
ESBL18_1,131620,151,IncX1,NP_SPAdes
ESBL05_1,51560,62,IncX3,NP_SPAdes
ESBL06_1,52071,64,IncX3,NP_SPAdes
ESBL18_1,131620,151,IncX3,NP_SPAdes
ESBL11_1,96561,107,p0111,NP_SPAdes
ESBL17_1,93670,104,p0111,NP_SPAdes
ESBL25_1,95549,106,p0111,NP_SPAdes
ESBL26_1,94774,106,p0111,NP_SPAdes
ESBL09_1,116050,143,Col156,NP_Unicycler
ESBL11_1,5180,5,Col156,NP_Unicycler
ESBL11_2,5166,5,Col156,NP_Unicycler
ESBL15_1,4734,5,Col156,NP_Unicycler
ESBL16_1,4734,5,Col156,NP_Unicycler
ESBL19_1,130208,157,Col156,NP_Unicycler
ESBL19_2,5167,5,Col156,NP_Unicycler
ESBL20_1,130219,154,Col156,NP_Unicycler
ESBL20_2,5167,5,Col156,NP_Unicycler
ESBL21_1,6229,8,Col156,NP_Unicycler
ESBL21_2,5165,5,Col156,NP_Unicycler
ESBL22_1,134895,157,Col156,NP_Unicycler
ESBL22_2,5167,5,Col156,NP_Unicycler
ESBL25_1,7450,7,Col156,NP_Unicycler
ESBL26_1,7450,7,Col156,NP_Unicycler
ESBL11_1,4082,2,Col8282,NP_Unicycler
ESBL25_1,4072,5,Col8282,NP_Unicycler
ESBL26_1,4072,3,Col8282,NP_Unicycler
ESBL01_1,6889,5,ColRNAI,NP_Unicycler
ESBL09_1,4073,5,ColRNAI,NP_Unicycler
ESBL15_1,5330,5,ColRNAI,NP_Unicycler
ESBL16_1,5330,5,ColRNAI,NP_Unicycler
ESBL18_1,6662,8,ColRNAI,NP_Unicycler
ESBL18_2,5631,4,ColRNAI,NP_Unicycler
ESBL18_3,3916,4,ColRNAI,NP_Unicycler
ESBL21_1,8554,8,ColRNAI,NP_Unicycler
ESBL25_1,7939,8,ColRNAI,NP_Unicycler
ESBL25_2,5631,4,ColRNAI,NP_Unicycler
ESBL26_1,7939,8,ColRNAI,NP_Unicycler
ESBL26_2,5631,4,ColRNAI,NP_Unicycler
ESBL04_1,1459,2,Col_MG828,NP_Unicycler
ESBL09_1,1597,2,Col_MG828,NP_Unicycler
ESBL09_2,1549,1,Col_MG828,NP_Unicycler
ESBL09_3,1433,1,Col_MG828,NP_Unicycler
ESBL11_1,1459,2,Col_MG828,NP_Unicycler
ESBL14_1,33820,45,Col_MG828,NP_Unicycler
ESBL18_1,1551,1,Col_MG828,NP_Unicycler
ESBL18_2,1193,1,Col_MG828,NP_Unicycler
ESBL18_3,1134,2,Col_MG828,NP_Unicycler
ESBL19_1,1549,1,Col_MG828,NP_Unicycler
ESBL20_1,1549,1,Col_MG828,NP_Unicycler
ESBL25_1,1552,2,Col_MG828,NP_Unicycler
ESBL26_1,1552,2,Col_MG828,NP_Unicycler
ESBL18_1,91889,97,IncB,NP_Unicycler
ESBL25_1,93541,105,IncB,NP_Unicycler
ESBL26_1,93541,105,IncB,NP_Unicycler
ESBL01_1,153883,169,IncFIA,NP_Unicycler
ESBL02_1,149977,172,IncFIA,NP_Unicycler
ESBL03_1,122196,135,IncFIA,NP_Unicycler
ESBL07_1,116022,125,IncFIA,NP_Unicycler
ESBL08_1,96236,115,IncFIA,NP_Unicycler
ESBL10_1,46523,54,IncFIA,NP_Unicycler
ESBL11_1,165691,191,IncFIA,NP_Unicycler
ESBL14_1,110070,102,IncFIA,NP_Unicycler
ESBL17_1,30633,35,IncFIA,NP_Unicycler
ESBL19_1,130208,157,IncFIA,NP_Unicycler
ESBL20_1,130219,154,IncFIA,NP_Unicycler
ESBL21_1,157030,171,IncFIA,NP_Unicycler
ESBL22_1,134895,157,IncFIA,NP_Unicycler
ESBL25_1,130945,160,IncFIA,NP_Unicycler
ESBL26_1,130945,162,IncFIA,NP_Unicycler
ESBL01_1,153883,169,IncFIB_AP001918,NP_Unicycler
ESBL02_1,149977,172,IncFIB_AP001918,NP_Unicycler
ESBL03_1,122196,135,IncFIB_AP001918,NP_Unicycler
ESBL07_1,116022,125,IncFIB_AP001918,NP_Unicycler
ESBL08_1,96236,115,IncFIB_AP001918,NP_Unicycler
ESBL09_1,116050,143,IncFIB_AP001918,NP_Unicycler
ESBL10_1,46523,54,IncFIB_AP001918,NP_Unicycler
ESBL11_1,165691,191,IncFIB_AP001918,NP_Unicycler
ESBL12_1,144412,176,IncFIB_AP001918,NP_Unicycler
ESBL14_1,110070,102,IncFIB_AP001918,NP_Unicycler
ESBL17_1,123101,131,IncFIB_AP001918,NP_Unicycler
ESBL19_1,130208,157,IncFIB_AP001918,NP_Unicycler
ESBL20_1,130219,154,IncFIB_AP001918,NP_Unicycler
ESBL21_1,157030,171,IncFIB_AP001918,NP_Unicycler
ESBL22_1,134895,157,IncFIB_AP001918,NP_Unicycler
ESBL25_1,130945,160,IncFIB_AP001918,NP_Unicycler
ESBL26_1,130945,162,IncFIB_AP001918,NP_Unicycler
ESBL05_1,110644,129,IncFIB_pKPHS1,NP_Unicycler
ESBL06_1,110651,129,IncFIB_pKPHS1,NP_Unicycler
ESBL13_1,109574,120,IncFIB_pKPHS1,NP_Unicycler
ESBL01_1,153883,169,IncFIC_FII,NP_Unicycler
ESBL01_2,86047,94,IncFIC_FII,NP_Unicycler
ESBL03_1,122196,135,IncFIC_FII,NP_Unicycler
ESBL07_1,116022,125,IncFIC_FII,NP_Unicycler
ESBL07_2,84617,101,IncFIC_FII,NP_Unicycler
ESBL08_1,96236,115,IncFIC_FII,NP_Unicycler
ESBL08_2,84611,102,IncFIC_FII,NP_Unicycler
ESBL10_1,55573,63,IncFIC_FII,NP_Unicycler
ESBL14_1,110070,102,IncFIC_FII,NP_Unicycler
ESBL17_1,123101,131,IncFIC_FII,NP_Unicycler
ESBL25_1,130945,160,IncFIC_FII,NP_Unicycler
ESBL26_1,130945,162,IncFIC_FII,NP_Unicycler
ESBL02_1,149977,172,IncFII_pRSB107,NP_Unicycler
ESBL11_1,165691,191,IncFII_pRSB107,NP_Unicycler
ESBL12_1,144412,176,IncFII_pRSB107,NP_Unicycler
ESBL19_1,130208,157,IncFII_pRSB107,NP_Unicycler
ESBL20_1,130219,154,IncFII_pRSB107,NP_Unicycler
ESBL21_1,157030,171,IncFII_pRSB107,NP_Unicycler
ESBL22_1,134895,157,IncFII_pRSB107,NP_Unicycler
ESBL01_1,111004,124,IncI1,NP_Unicycler
ESBL02_1,91868,100,IncI1,NP_Unicycler
ESBL05_1,90578,99,IncI1,NP_Unicycler
ESBL06_1,90573,98,IncI1,NP_Unicycler
ESBL13_1,59773,65,IncI1,NP_Unicycler
ESBL15_1,88891,99,IncI1,NP_Unicycler
ESBL16_1,88888,97,IncI1,NP_Unicycler
ESBL19_1,87713,96,IncI1,NP_Unicycler
ESBL20_1,87713,96,IncI1,NP_Unicycler
ESBL21_1,157030,171,IncI1,NP_Unicycler
ESBL05_1,52036,64,IncX1,NP_Unicycler
ESBL06_1,51983,63,IncX1,NP_Unicycler
ESBL18_1,39801,53,IncX1,NP_Unicycler
ESBL18_2,2120,3,IncX1,NP_Unicycler
ESBL05_1,52036,64,IncX3,NP_Unicycler
ESBL06_1,51983,63,IncX3,NP_Unicycler
ESBL18_1,39801,53,IncX3,NP_Unicycler
ESBL18_2,2120,3,IncX3,NP_Unicycler
ESBL11_1,97808,112,p0111,NP_Unicycler
ESBL17_1,91258,102,p0111,NP_Unicycler
ESBL25_1,95857,107,p0111,NP_Unicycler
ESBL26_1,95858,108,p0111,NP_Unicycler
ESBL09_1,122768,152,Col156,PB_Canu
ESBL15_1,6380,8,Col156,PB_Canu
ESBL16_1,9419,10,Col156,PB_Canu
ESBL19_1,138682,166,Col156,PB_Canu
ESBL19_2,8828,10,Col156,PB_Canu
ESBL20_1,139497,167,Col156,PB_Canu
ESBL20_2,4277,5,Col156,PB_Canu
ESBL21_1,12327,14,Col156,PB_Canu
ESBL21_2,10740,10,Col156,PB_Canu
ESBL22_1,139481,174,Col156,PB_Canu
ESBL22_2,7072,5,Col156,PB_Canu
ESBL25_1,10091,12,Col156,PB_Canu
ESBL01_1,13178,14,ColRNAI,PB_Canu
ESBL01_2,3610,3,ColRNAI,PB_Canu
ESBL09_1,6589,8,ColRNAI,PB_Canu
ESBL15_1,10626,10,ColRNAI,PB_Canu
ESBL16_1,12920,14,ColRNAI,PB_Canu
ESBL18_1,12416,14,ColRNAI,PB_Canu
ESBL18_2,5999,7,ColRNAI,PB_Canu
ESBL21_1,17095,15,ColRNAI,PB_Canu
ESBL25_1,7902,10,ColRNAI,PB_Canu
ESBL26_1,8474,10,ColRNAI,PB_Canu
ESBL26_2,7891,11,ColRNAI,PB_Canu
ESBL26_3,7891,10,ColRNAI,PB_Canu
ESBL26_4,7889,11,ColRNAI,PB_Canu
ESBL26_5,7393,11,ColRNAI,PB_Canu
ESBL09_1,1851,1,Col_MG828,PB_Canu
ESBL09_2,1608,1,Col_MG828,PB_Canu
ESBL09_3,1594,1,Col_MG828,PB_Canu
ESBL14_1,30594,46,Col_MG828,PB_Canu
ESBL18_1,2740,2,Col_MG828,PB_Canu
ESBL19_1,1953,3,Col_MG828,PB_Canu
ESBL20_1,2232,1,Col_MG828,PB_Canu
ESBL18_1,100851,116,IncB,PB_Canu
ESBL25_1,102508,127,IncB,PB_Canu
ESBL26_1,99576,113,IncB,PB_Canu
ESBL01_1,149248,183,IncFIA,PB_Canu
ESBL02_1,161438,192,IncFIA,PB_Canu
ESBL03_1,120486,137,IncFIA,PB_Canu
ESBL07_1,131983,145,IncFIA,PB_Canu
ESBL08_1,144341,155,IncFIA,PB_Canu
ESBL10_1,124191,135,IncFIA,PB_Canu
ESBL11_1,156397,186,IncFIA,PB_Canu
ESBL14_1,91898,98,IncFIA,PB_Canu
ESBL17_1,172200,178,IncFIA,PB_Canu
ESBL19_1,138682,166,IncFIA,PB_Canu
ESBL20_1,139497,167,IncFIA,PB_Canu
ESBL21_1,162723,178,IncFIA,PB_Canu
ESBL22_1,139481,174,IncFIA,PB_Canu
ESBL25_1,139030,179,IncFIA,PB_Canu
ESBL26_1,139015,174,IncFIA,PB_Canu
ESBL01_1,149248,183,IncFIB_AP001918,PB_Canu
ESBL02_1,161438,192,IncFIB_AP001918,PB_Canu
ESBL03_1,120486,137,IncFIB_AP001918,PB_Canu
ESBL07_1,131983,145,IncFIB_AP001918,PB_Canu
ESBL08_1,144341,155,IncFIB_AP001918,PB_Canu
ESBL09_1,122768,152,IncFIB_AP001918,PB_Canu
ESBL10_1,124191,135,IncFIB_AP001918,PB_Canu
ESBL11_1,156397,186,IncFIB_AP001918,PB_Canu
ESBL12_1,91468,111,IncFIB_AP001918,PB_Canu
ESBL14_1,91898,98,IncFIB_AP001918,PB_Canu
ESBL14_2,5081,6,IncFIB_AP001918,PB_Canu
ESBL17_1,172200,178,IncFIB_AP001918,PB_Canu
ESBL19_1,138682,166,IncFIB_AP001918,PB_Canu
ESBL20_1,139497,167,IncFIB_AP001918,PB_Canu
ESBL21_1,162723,178,IncFIB_AP001918,PB_Canu
ESBL22_1,139481,174,IncFIB_AP001918,PB_Canu
ESBL25_1,139030,179,IncFIB_AP001918,PB_Canu
ESBL26_1,139015,174,IncFIB_AP001918,PB_Canu
ESBL05_1,117807,149,IncFIB_pKPHS1,PB_Canu
ESBL06_1,49675,76,IncFIB_pKPHS1,PB_Canu
ESBL13_1,118195,133,IncFIB_pKPHS1,PB_Canu
ESBL01_1,149248,183,IncFIC_FII,PB_Canu
ESBL01_2,72804,81,IncFIC_FII,PB_Canu
ESBL03_1,120486,137,IncFIC_FII,PB_Canu
ESBL07_1,131983,145,IncFIC_FII,PB_Canu
ESBL07_2,96219,114,IncFIC_FII,PB_Canu
ESBL08_1,144341,155,IncFIC_FII,PB_Canu
ESBL08_2,97492,116,IncFIC_FII,PB_Canu
ESBL10_1,124191,135,IncFIC_FII,PB_Canu
ESBL14_1,91898,98,IncFIC_FII,PB_Canu
ESBL17_1,172200,178,IncFIC_FII,PB_Canu
ESBL25_1,139030,179,IncFIC_FII,PB_Canu
ESBL26_1,139015,174,IncFIC_FII,PB_Canu
ESBL02_1,161438,192,IncFII_pRSB107,PB_Canu
ESBL11_1,156397,186,IncFII_pRSB107,PB_Canu
ESBL12_1,91468,111,IncFII_pRSB107,PB_Canu
ESBL19_1,138682,166,IncFII_pRSB107,PB_Canu
ESBL20_1,139497,167,IncFII_pRSB107,PB_Canu
ESBL21_1,162723,178,IncFII_pRSB107,PB_Canu
ESBL22_1,139481,174,IncFII_pRSB107,PB_Canu
ESBL01_1,118886,138,IncI1,PB_Canu
ESBL02_1,97965,109,IncI1,PB_Canu
ESBL05_1,96777,120,IncI1,PB_Canu
ESBL05_2,9109,10,IncI1,PB_Canu
ESBL09_1,97373,105,IncI1,PB_Canu
ESBL13_1,60126,75,IncI1,PB_Canu
ESBL15_1,92232,102,IncI1,PB_Canu
ESBL16_1,93325,108,IncI1,PB_Canu
ESBL19_1,91862,104,IncI1,PB_Canu
ESBL20_1,84575,102,IncI1,PB_Canu
ESBL21_1,162723,178,IncI1,PB_Canu
ESBL05_1,23447,33,IncX1,PB_Canu
ESBL05_2,22485,23,IncX1,PB_Canu
ESBL06_1,37154,57,IncX1,PB_Canu
ESBL18_1,45043,65,IncX1,PB_Canu
ESBL05_1,23447,33,IncX3,PB_Canu
ESBL06_1,37154,57,IncX3,PB_Canu
ESBL18_1,45043,65,IncX3,PB_Canu
ESBL11_1,79599,111,p0111,PB_Canu
ESBL17_1,101188,123,p0111,PB_Canu
ESBL25_1,91373,115,p0111,PB_Canu
ESBL26_1,102084,119,p0111,PB_Canu
ESBL09_1,122773,150,Col156,PB_Canu_Hybrid_Polished
ESBL15_1,6384,6,Col156,PB_Canu_Hybrid_Polished
ESBL16_1,9419,10,Col156,PB_Canu_Hybrid_Polished
ESBL19_1,138686,167,Col156,PB_Canu_Hybrid_Polished
ESBL19_2,8830,10,Col156,PB_Canu_Hybrid_Polished
ESBL20_1,139502,168,Col156,PB_Canu_Hybrid_Polished
ESBL20_2,4276,3,Col156,PB_Canu_Hybrid_Polished
ESBL21_1,12327,14,Col156,PB_Canu_Hybrid_Polished
ESBL21_2,10742,10,Col156,PB_Canu_Hybrid_Polished
ESBL22_1,139496,168,Col156,PB_Canu_Hybrid_Polished
ESBL22_2,7072,5,Col156,PB_Canu_Hybrid_Polished
ESBL25_1,10093,10,Col156,PB_Canu_Hybrid_Polished
ESBL01_1,13180,14,ColRNAI,PB_Canu_Hybrid_Polished
ESBL01_2,3610,3,ColRNAI,PB_Canu_Hybrid_Polished
ESBL09_1,6590,8,ColRNAI,PB_Canu_Hybrid_Polished
ESBL15_1,10628,9,ColRNAI,PB_Canu_Hybrid_Polished
ESBL16_1,12920,14,ColRNAI,PB_Canu_Hybrid_Polished
ESBL18_1,12416,14,ColRNAI,PB_Canu_Hybrid_Polished
ESBL18_2,6005,7,ColRNAI,PB_Canu_Hybrid_Polished
ESBL21_1,17095,15,ColRNAI,PB_Canu_Hybrid_Polished
ESBL25_1,8138,6,ColRNAI,PB_Canu_Hybrid_Polished
ESBL26_1,8477,9,ColRNAI,PB_Canu_Hybrid_Polished
ESBL26_2,7895,11,ColRNAI,PB_Canu_Hybrid_Polished
ESBL26_3,7895,12,ColRNAI,PB_Canu_Hybrid_Polished
ESBL26_4,7892,11,ColRNAI,PB_Canu_Hybrid_Polished
ESBL26_5,7402,9,ColRNAI,PB_Canu_Hybrid_Polished
ESBL09_1,1853,1,Col_MG828,PB_Canu_Hybrid_Polished
ESBL09_2,1608,1,Col_MG828,PB_Canu_Hybrid_Polished
ESBL09_3,1595,1,Col_MG828,PB_Canu_Hybrid_Polished
ESBL14_1,30628,43,Col_MG828,PB_Canu_Hybrid_Polished
ESBL18_1,2727,2,Col_MG828,PB_Canu_Hybrid_Polished
ESBL19_1,1954,3,Col_MG828,PB_Canu_Hybrid_Polished
ESBL20_1,2226,1,Col_MG828,PB_Canu_Hybrid_Polished
ESBL18_1,100851,116,IncB,PB_Canu_Hybrid_Polished
ESBL25_1,102546,119,IncB,PB_Canu_Hybrid_Polished
ESBL26_1,99576,113,IncB,PB_Canu_Hybrid_Polished
ESBL01_1,149264,175,IncFIA,PB_Canu_Hybrid_Polished
ESBL02_1,161444,189,IncFIA,PB_Canu_Hybrid_Polished
ESBL03_1,120516,132,IncFIA,PB_Canu_Hybrid_Polished
ESBL07_1,131986,145,IncFIA,PB_Canu_Hybrid_Polished
ESBL08_1,144343,155,IncFIA,PB_Canu_Hybrid_Polished
ESBL10_1,124192,136,IncFIA,PB_Canu_Hybrid_Polished
ESBL11_1,156409,175,IncFIA,PB_Canu_Hybrid_Polished
ESBL14_1,91932,92,IncFIA,PB_Canu_Hybrid_Polished
ESBL17_1,172202,177,IncFIA,PB_Canu_Hybrid_Polished
ESBL19_1,138686,167,IncFIA,PB_Canu_Hybrid_Polished
ESBL20_1,139502,168,IncFIA,PB_Canu_Hybrid_Polished
ESBL21_1,162731,175,IncFIA,PB_Canu_Hybrid_Polished
ESBL22_1,139496,168,IncFIA,PB_Canu_Hybrid_Polished
ESBL25_1,139037,172,IncFIA,PB_Canu_Hybrid_Polished
ESBL26_1,139017,173,IncFIA,PB_Canu_Hybrid_Polished
ESBL01_1,149264,175,IncFIB_AP001918,PB_Canu_Hybrid_Polished
ESBL02_1,161444,189,IncFIB_AP001918,PB_Canu_Hybrid_Polished
ESBL03_1,120516,132,IncFIB_AP001918,PB_Canu_Hybrid_Polished
ESBL07_1,131986,145,IncFIB_AP001918,PB_Canu_Hybrid_Polished
ESBL08_1,144343,155,IncFIB_AP001918,PB_Canu_Hybrid_Polished
ESBL09_1,122773,150,IncFIB_AP001918,PB_Canu_Hybrid_Polished
ESBL10_1,124192,136,IncFIB_AP001918,PB_Canu_Hybrid_Polished
ESBL11_1,156409,175,IncFIB_AP001918,PB_Canu_Hybrid_Polished
ESBL12_1,91510,101,IncFIB_AP001918,PB_Canu_Hybrid_Polished
ESBL14_1,91932,92,IncFIB_AP001918,PB_Canu_Hybrid_Polished
ESBL14_2,5083,6,IncFIB_AP001918,PB_Canu_Hybrid_Polished
ESBL17_1,172202,177,IncFIB_AP001918,PB_Canu_Hybrid_Polished
ESBL19_1,138686,167,IncFIB_AP001918,PB_Canu_Hybrid_Polished
ESBL20_1,139502,168,IncFIB_AP001918,PB_Canu_Hybrid_Polished
ESBL21_1,162731,175,IncFIB_AP001918,PB_Canu_Hybrid_Polished
ESBL22_1,139496,168,IncFIB_AP001918,PB_Canu_Hybrid_Polished
ESBL25_1,139037,172,IncFIB_AP001918,PB_Canu_Hybrid_Polished
ESBL26_1,139017,173,IncFIB_AP001918,PB_Canu_Hybrid_Polished
ESBL05_1,117843,139,IncFIB_pKPHS1,PB_Canu_Hybrid_Polished
ESBL06_1,49743,61,IncFIB_pKPHS1,PB_Canu_Hybrid_Polished
ESBL13_1,118200,131,IncFIB_pKPHS1,PB_Canu_Hybrid_Polished
ESBL01_1,149264,175,IncFIC_FII,PB_Canu_Hybrid_Polished
ESBL01_2,72809,80,IncFIC_FII,PB_Canu_Hybrid_Polished
ESBL03_1,120516,132,IncFIC_FII,PB_Canu_Hybrid_Polished
ESBL07_1,131986,145,IncFIC_FII,PB_Canu_Hybrid_Polished
ESBL07_2,96219,114,IncFIC_FII,PB_Canu_Hybrid_Polished
ESBL08_1,144343,155,IncFIC_FII,PB_Canu_Hybrid_Polished
ESBL08_2,97492,116,IncFIC_FII,PB_Canu_Hybrid_Polished
ESBL10_1,124192,136,IncFIC_FII,PB_Canu_Hybrid_Polished
ESBL14_1,91932,92,IncFIC_FII,PB_Canu_Hybrid_Polished
ESBL17_1,172202,177,IncFIC_FII,PB_Canu_Hybrid_Polished
ESBL25_1,139037,172,IncFIC_FII,PB_Canu_Hybrid_Polished
ESBL26_1,139017,173,IncFIC_FII,PB_Canu_Hybrid_Polished
ESBL02_1,161444,189,IncFII_pRSB107,PB_Canu_Hybrid_Polished
ESBL11_1,156409,175,IncFII_pRSB107,PB_Canu_Hybrid_Polished
ESBL12_1,91510,101,IncFII_pRSB107,PB_Canu_Hybrid_Polished
ESBL19_1,138686,167,IncFII_pRSB107,PB_Canu_Hybrid_Polished
ESBL20_1,139502,168,IncFII_pRSB107,PB_Canu_Hybrid_Polished
ESBL21_1,162731,175,IncFII_pRSB107,PB_Canu_Hybrid_Polished
ESBL22_1,139496,168,IncFII_pRSB107,PB_Canu_Hybrid_Polished
ESBL01_1,118900,130,IncI1,PB_Canu_Hybrid_Polished
ESBL02_1,97968,107,IncI1,PB_Canu_Hybrid_Polished
ESBL05_1,96803,110,IncI1,PB_Canu_Hybrid_Polished
ESBL05_2,9110,10,IncI1,PB_Canu_Hybrid_Polished
ESBL09_1,97376,105,IncI1,PB_Canu_Hybrid_Polished
ESBL13_1,60155,65,IncI1,PB_Canu_Hybrid_Polished
ESBL15_1,92235,102,IncI1,PB_Canu_Hybrid_Polished
ESBL16_1,93358,102,IncI1,PB_Canu_Hybrid_Polished
ESBL19_1,91872,102,IncI1,PB_Canu_Hybrid_Polished
ESBL20_1,84636,95,IncI1,PB_Canu_Hybrid_Polished
ESBL21_1,162731,175,IncI1,PB_Canu_Hybrid_Polished
ESBL05_1,23482,31,IncX1,PB_Canu_Hybrid_Polished
ESBL05_2,22517,25,IncX1,PB_Canu_Hybrid_Polished
ESBL06_1,37202,47,IncX1,PB_Canu_Hybrid_Polished
ESBL18_1,45050,64,IncX1,PB_Canu_Hybrid_Polished
ESBL05_1,23482,31,IncX3,PB_Canu_Hybrid_Polished
ESBL06_1,37202,47,IncX3,PB_Canu_Hybrid_Polished
ESBL18_1,45050,64,IncX3,PB_Canu_Hybrid_Polished
ESBL11_1,79718,89,p0111,PB_Canu_Hybrid_Polished
ESBL17_1,101228,116,p0111,PB_Canu_Hybrid_Polished
ESBL25_1,91423,102,p0111,PB_Canu_Hybrid_Polished
ESBL26_1,102091,115,p0111,PB_Canu_Hybrid_Polished
ESBL09_1,116370,139,Col156,PB_SPAdes
ESBL11_1,4500,4,Col156,PB_SPAdes
ESBL11_2,4486,3,Col156,PB_SPAdes
ESBL15_1,4861,5,Col156,PB_SPAdes
ESBL16_1,4861,5,Col156,PB_SPAdes
ESBL19_1,217059,243,Col156,PB_SPAdes
ESBL19_2,5294,4,Col156,PB_SPAdes
ESBL20_1,129401,155,Col156,PB_SPAdes
ESBL20_2,5294,4,Col156,PB_SPAdes
ESBL21_1,7267,6,Col156,PB_SPAdes
ESBL22_1,132601,160,Col156,PB_SPAdes
ESBL22_2,5294,6,Col156,PB_SPAdes
ESBL25_1,7577,6,Col156,PB_SPAdes
ESBL26_1,7577,6,Col156,PB_SPAdes
ESBL11_1,4209,3,Col8282,PB_SPAdes
ESBL25_1,4199,5,Col8282,PB_SPAdes
ESBL26_1,4199,5,Col8282,PB_SPAdes
ESBL01_1,7015,7,ColRNAI,PB_SPAdes
ESBL09_1,4200,5,ColRNAI,PB_SPAdes
ESBL15_1,5457,5,ColRNAI,PB_SPAdes
ESBL16_1,5457,5,ColRNAI,PB_SPAdes
ESBL18_1,4433,4,ColRNAI,PB_SPAdes
ESBL18_2,4043,3,ColRNAI,PB_SPAdes
ESBL18_3,3404,3,ColRNAI,PB_SPAdes
ESBL21_1,8681,8,ColRNAI,PB_SPAdes
ESBL25_1,8066,8,ColRNAI,PB_SPAdes
ESBL25_2,5758,7,ColRNAI,PB_SPAdes
ESBL26_1,8066,8,ColRNAI,PB_SPAdes
ESBL26_2,5758,5,ColRNAI,PB_SPAdes
ESBL04_1,1586,1,Col_MG828,PB_SPAdes
ESBL09_1,1724,2,Col_MG828,PB_SPAdes
ESBL09_2,1676,1,Col_MG828,PB_SPAdes
ESBL09_3,1560,1,Col_MG828,PB_SPAdes
ESBL11_1,1586,2,Col_MG828,PB_SPAdes
ESBL14_1,33941,47,Col_MG828,PB_SPAdes
ESBL18_1,1678,1,Col_MG828,PB_SPAdes
ESBL18_2,1447,1,Col_MG828,PB_SPAdes
ESBL18_3,1388,2,Col_MG828,PB_SPAdes
ESBL19_1,1676,2,Col_MG828,PB_SPAdes
ESBL20_1,1676,1,Col_MG828,PB_SPAdes
ESBL25_1,1679,1,Col_MG828,PB_SPAdes
ESBL26_1,1679,2,Col_MG828,PB_SPAdes
ESBL18_1,126969,147,IncB,PB_SPAdes
ESBL25_1,92460,103,IncB,PB_SPAdes
ESBL26_1,93691,105,IncB,PB_SPAdes
ESBL01_1,166857,178,IncFIA,PB_SPAdes
ESBL02_1,150429,173,IncFIA,PB_SPAdes
ESBL03_1,119860,133,IncFIA,PB_SPAdes
ESBL07_1,51807,63,IncFIA,PB_SPAdes
ESBL08_1,87322,99,IncFIA,PB_SPAdes
ESBL10_1,86672,99,IncFIA,PB_SPAdes
ESBL11_1,120685,130,IncFIA,PB_SPAdes
ESBL14_1,76478,77,IncFIA,PB_SPAdes
ESBL17_1,147086,162,IncFIA,PB_SPAdes
ESBL19_1,217059,243,IncFIA,PB_SPAdes
ESBL20_1,129401,155,IncFIA,PB_SPAdes
ESBL21_1,153296,159,IncFIA,PB_SPAdes
ESBL22_1,132601,160,IncFIA,PB_SPAdes
ESBL25_1,131063,161,IncFIA,PB_SPAdes
ESBL26_1,130061,160,IncFIA,PB_SPAdes
ESBL01_1,166857,178,IncFIB_AP001918,PB_SPAdes
ESBL02_1,150429,173,IncFIB_AP001918,PB_SPAdes
ESBL03_1,119860,133,IncFIB_AP001918,PB_SPAdes
ESBL07_1,64154,66,IncFIB_AP001918,PB_SPAdes
ESBL08_1,14403,16,IncFIB_AP001918,PB_SPAdes
ESBL09_1,116370,139,IncFIB_AP001918,PB_SPAdes
ESBL10_1,30338,31,IncFIB_AP001918,PB_SPAdes
ESBL11_1,120685,130,IncFIB_AP001918,PB_SPAdes
ESBL12_1,142546,177,IncFIB_AP001918,PB_SPAdes
ESBL14_1,76478,77,IncFIB_AP001918,PB_SPAdes
ESBL17_1,4889,6,IncFIB_AP001918,PB_SPAdes
ESBL19_1,217059,243,IncFIB_AP001918,PB_SPAdes
ESBL20_1,129401,155,IncFIB_AP001918,PB_SPAdes
ESBL21_1,153296,159,IncFIB_AP001918,PB_SPAdes
ESBL22_1,132601,160,IncFIB_AP001918,PB_SPAdes
ESBL25_1,131063,161,IncFIB_AP001918,PB_SPAdes
ESBL26_1,130061,160,IncFIB_AP001918,PB_SPAdes
ESBL05_1,110732,130,IncFIB_pKPHS1,PB_SPAdes
ESBL06_1,110733,130,IncFIB_pKPHS1,PB_SPAdes
ESBL13_1,109705,119,IncFIB_pKPHS1,PB_SPAdes
ESBL01_1,166857,178,IncFIC_FII,PB_SPAdes
ESBL01_2,26555,25,IncFIC_FII,PB_SPAdes
ESBL03_1,119860,133,IncFIC_FII,PB_SPAdes
ESBL07_1,64154,66,IncFIC_FII,PB_SPAdes
ESBL07_2,3147,6,IncFIC_FII,PB_SPAdes
ESBL08_1,91649,115,IncFIC_FII,PB_SPAdes
ESBL08_2,87322,99,IncFIC_FII,PB_SPAdes
ESBL10_1,86672,99,IncFIC_FII,PB_SPAdes
ESBL14_1,34492,30,IncFIC_FII,PB_SPAdes
ESBL17_1,147086,162,IncFIC_FII,PB_SPAdes
ESBL25_1,131063,161,IncFIC_FII,PB_SPAdes
ESBL26_1,130061,160,IncFIC_FII,PB_SPAdes
ESBL02_1,150429,173,IncFII_pRSB107,PB_SPAdes
ESBL11_1,120685,130,IncFII_pRSB107,PB_SPAdes
ESBL12_1,142546,177,IncFII_pRSB107,PB_SPAdes
ESBL19_1,217059,243,IncFII_pRSB107,PB_SPAdes
ESBL20_1,129401,155,IncFII_pRSB107,PB_SPAdes
ESBL21_1,153296,159,IncFII_pRSB107,PB_SPAdes
ESBL22_1,132601,160,IncFII_pRSB107,PB_SPAdes
ESBL01_1,111127,122,IncI1,PB_SPAdes
ESBL02_1,45519,51,IncI1,PB_SPAdes
ESBL05_1,83620,89,IncI1,PB_SPAdes
ESBL06_1,83611,88,IncI1,PB_SPAdes
ESBL09_1,89289,97,IncI1,PB_SPAdes
ESBL13_1,59900,65,IncI1,PB_SPAdes
ESBL15_1,87800,95,IncI1,PB_SPAdes
ESBL16_1,89144,97,IncI1,PB_SPAdes
ESBL19_1,217059,243,IncI1,PB_SPAdes
ESBL20_1,87840,95,IncI1,PB_SPAdes
ESBL21_1,153296,159,IncI1,PB_SPAdes
ESBL05_1,51546,62,IncX1,PB_SPAdes
ESBL06_1,58637,70,IncX1,PB_SPAdes
ESBL18_1,126969,147,IncX1,PB_SPAdes
ESBL05_1,51546,62,IncX3,PB_SPAdes
ESBL06_1,58637,70,IncX3,PB_SPAdes
ESBL18_1,126969,147,IncX3,PB_SPAdes
ESBL11_1,96563,107,p0111,PB_SPAdes
ESBL17_1,98739,109,p0111,PB_SPAdes
ESBL25_1,95252,107,p0111,PB_SPAdes
ESBL26_1,97401,107,p0111,PB_SPAdes
ESBL09_1,116053,143,Col156,PB_Unicycler
ESBL11_1,5180,5,Col156,PB_Unicycler
ESBL11_2,5166,5,Col156,PB_Unicycler
ESBL15_1,4734,4,Col156,PB_Unicycler
ESBL16_1,4734,5,Col156,PB_Unicycler
ESBL19_1,130233,160,Col156,PB_Unicycler
ESBL19_2,5167,5,Col156,PB_Unicycler
ESBL20_1,130232,158,Col156,PB_Unicycler
ESBL20_2,5167,5,Col156,PB_Unicycler
ESBL21_1,6229,7,Col156,PB_Unicycler
ESBL21_2,5165,5,Col156,PB_Unicycler
ESBL22_1,134896,161,Col156,PB_Unicycler
ESBL22_2,5167,5,Col156,PB_Unicycler
ESBL25_1,7450,7,Col156,PB_Unicycler
ESBL26_1,7450,7,Col156,PB_Unicycler
ESBL11_1,4082,2,Col8282,PB_Unicycler
ESBL25_1,4072,3,Col8282,PB_Unicycler
ESBL26_1,4072,5,Col8282,PB_Unicycler
ESBL01_1,6888,7,ColRNAI,PB_Unicycler
ESBL09_1,4073,5,ColRNAI,PB_Unicycler
ESBL15_1,5330,5,ColRNAI,PB_Unicycler
ESBL16_1,5330,5,ColRNAI,PB_Unicycler
ESBL18_1,6663,8,ColRNAI,PB_Unicycler
ESBL18_2,5631,4,ColRNAI,PB_Unicycler
ESBL18_3,3916,4,ColRNAI,PB_Unicycler
ESBL21_1,8554,9,ColRNAI,PB_Unicycler
ESBL25_1,7939,8,ColRNAI,PB_Unicycler
ESBL25_2,5631,6,ColRNAI,PB_Unicycler
ESBL26_1,7939,7,ColRNAI,PB_Unicycler
ESBL26_2,5631,6,ColRNAI,PB_Unicycler
ESBL04_1,1459,2,Col_MG828,PB_Unicycler
ESBL09_1,1597,2,Col_MG828,PB_Unicycler
ESBL09_2,1549,1,Col_MG828,PB_Unicycler
ESBL09_3,1433,1,Col_MG828,PB_Unicycler
ESBL11_1,1459,2,Col_MG828,PB_Unicycler
ESBL14_1,33826,46,Col_MG828,PB_Unicycler
ESBL18_1,1565,2,Col_MG828,PB_Unicycler
ESBL18_2,1551,1,Col_MG828,PB_Unicycler
ESBL18_3,1506,2,Col_MG828,PB_Unicycler
ESBL19_1,1549,1,Col_MG828,PB_Unicycler
ESBL20_1,1549,1,Col_MG828,PB_Unicycler
ESBL25_1,1552,2,Col_MG828,PB_Unicycler
ESBL26_1,1552,2,Col_MG828,PB_Unicycler
ESBL18_1,91890,97,IncB,PB_Unicycler
ESBL25_1,93541,105,IncB,PB_Unicycler
ESBL26_1,93541,105,IncB,PB_Unicycler
ESBL01_1,144725,162,IncFIA,PB_Unicycler
ESBL02_1,152714,180,IncFIA,PB_Unicycler
ESBL03_1,122202,136,IncFIA,PB_Unicycler
ESBL07_1,203359,236,IncFIA,PB_Unicycler
ESBL08_1,95911,111,IncFIA,PB_Unicycler
ESBL10_1,102282,115,IncFIA,PB_Unicycler
ESBL11_1,147661,163,IncFIA,PB_Unicycler
ESBL14_1,34975,32,IncFIA,PB_Unicycler
ESBL17_1,159981,172,IncFIA,PB_Unicycler
ESBL19_1,130233,160,IncFIA,PB_Unicycler
ESBL20_1,130232,158,IncFIA,PB_Unicycler
ESBL21_1,157030,171,IncFIA,PB_Unicycler
ESBL22_1,134896,161,IncFIA,PB_Unicycler
ESBL25_1,130945,160,IncFIA,PB_Unicycler
ESBL26_1,130945,162,IncFIA,PB_Unicycler
ESBL01_1,144725,162,IncFIB_AP001918,PB_Unicycler
ESBL02_1,152714,180,IncFIB_AP001918,PB_Unicycler
ESBL03_1,122202,136,IncFIB_AP001918,PB_Unicycler
ESBL07_1,203359,236,IncFIB_AP001918,PB_Unicycler
ESBL08_1,95911,111,IncFIB_AP001918,PB_Unicycler
ESBL09_1,116053,143,IncFIB_AP001918,PB_Unicycler
ESBL10_1,102282,115,IncFIB_AP001918,PB_Unicycler
ESBL11_1,147661,163,IncFIB_AP001918,PB_Unicycler
ESBL12_1,49636,60,IncFIB_AP001918,PB_Unicycler
ESBL14_1,34975,32,IncFIB_AP001918,PB_Unicycler
ESBL17_1,159981,172,IncFIB_AP001918,PB_Unicycler
ESBL19_1,130233,160,IncFIB_AP001918,PB_Unicycler
ESBL20_1,130232,158,IncFIB_AP001918,PB_Unicycler
ESBL21_1,157030,171,IncFIB_AP001918,PB_Unicycler
ESBL22_1,134896,161,IncFIB_AP001918,PB_Unicycler
ESBL25_1,130945,160,IncFIB_AP001918,PB_Unicycler
ESBL26_1,130945,162,IncFIB_AP001918,PB_Unicycler
ESBL05_1,110652,129,IncFIB_pKPHS1,PB_Unicycler
ESBL06_1,110651,129,IncFIB_pKPHS1,PB_Unicycler
ESBL13_1,109582,118,IncFIB_pKPHS1,PB_Unicycler
ESBL01_1,144725,162,IncFIC_FII,PB_Unicycler
ESBL01_2,86049,95,IncFIC_FII,PB_Unicycler
ESBL03_1,122202,136,IncFIC_FII,PB_Unicycler
ESBL07_1,203359,236,IncFIC_FII,PB_Unicycler
ESBL08_1,95911,111,IncFIC_FII,PB_Unicycler
ESBL08_2,84626,102,IncFIC_FII,PB_Unicycler
ESBL10_1,102282,115,IncFIC_FII,PB_Unicycler
ESBL14_1,41983,34,IncFIC_FII,PB_Unicycler
ESBL17_1,159981,172,IncFIC_FII,PB_Unicycler
ESBL25_1,130945,160,IncFIC_FII,PB_Unicycler
ESBL26_1,130945,162,IncFIC_FII,PB_Unicycler
ESBL02_1,152714,180,IncFII_pRSB107,PB_Unicycler
ESBL11_1,147661,163,IncFII_pRSB107,PB_Unicycler
ESBL12_1,78345,85,IncFII_pRSB107,PB_Unicycler
ESBL19_1,130233,160,IncFII_pRSB107,PB_Unicycler
ESBL20_1,130232,158,IncFII_pRSB107,PB_Unicycler
ESBL21_1,157030,171,IncFII_pRSB107,PB_Unicycler
ESBL22_1,134896,161,IncFII_pRSB107,PB_Unicycler
ESBL01_1,111004,124,IncI1,PB_Unicycler
ESBL02_1,91868,100,IncI1,PB_Unicycler
ESBL05_1,90579,99,IncI1,PB_Unicycler
ESBL06_1,90577,98,IncI1,PB_Unicycler
ESBL09_1,90273,97,IncI1,PB_Unicycler
ESBL13_1,59773,65,IncI1,PB_Unicycler
ESBL15_1,88889,96,IncI1,PB_Unicycler
ESBL16_1,88889,96,IncI1,PB_Unicycler
ESBL19_1,87713,96,IncI1,PB_Unicycler
ESBL20_1,87713,96,IncI1,PB_Unicycler
ESBL21_1,157030,171,IncI1,PB_Unicycler
ESBL05_1,47105,58,IncX1,PB_Unicycler
ESBL06_1,51993,65,IncX1,PB_Unicycler
ESBL18_1,39810,52,IncX1,PB_Unicycler
ESBL05_1,47105,58,IncX3,PB_Unicycler
ESBL06_1,51993,65,IncX3,PB_Unicycler
ESBL18_1,39810,52,IncX3,PB_Unicycler
ESBL11_1,97620,109,p0111,PB_Unicycler
ESBL17_1,91270,102,p0111,PB_Unicycler
ESBL25_1,91632,103,p0111,PB_Unicycler
ESBL26_1,95858,107,p0111,PB_Unicycler
