,sample,header,label,name,replicon,resistance,circular,len,genes,ARR-3,Col(BS512),Col(KPHS6),Col(MG828),Col(MGD2),Col156,Col8282,ColRNAI,IncB/O/K/Z,IncFIA,IncFIB(AP001918),IncFIB(pHCM2),IncFIB(pKPHS1),IncFIC(FII),IncFII,IncFII(29),IncFII(pRSB107),IncI1,IncN,IncR,IncX1,IncX3,IncX4,aac(3)-IIa,aac(3)-IId,aac(6')-Ib-cr,aadA1,aadA5,aadA8b,ant(3'')-Ia,aph(3'')-Ib,aph(3')-Ia,aph(6)-Id,blaCTX-M-1,blaCTX-M-138,blaCTX-M-14,blaCTX-M-14b,blaCTX-M-15,blaCTX-M-27,blaCTX-M-3,blaCTX-M-8,blaOXA-1,blaTEM-1B,blaTEM-1C,blaTEM-52B,catB3,cmlA1,dfrA1,dfrA12,dfrA14,dfrA17,erm(B),lnu(F),mdf(A),mef(B),mph(A),p0111,sul1,sul2,sul3,tet(34),tet(A),tet(B),tet(D)
tig00000001,ESBL08,tig00000001 len=5257844 reads=9993 covStat=14334.50 gappedBases=no class=contig suggestRepeat=no suggestCircular=yes,chromosome,C_0,False,True,True,5302493,"['catB3', 'mdf(A)', ""aac(6')-Ib-cr"", 'blaCTX-M-15', 'aac(3)-IIa', 'blaOXA-1']",,,,,,,,,,,,,,,,,,,,,,,,4912912..4913772,,4909912..4910511,,,,,,,,,,,,4991235..4992110,,,,4910642..4911469,,,,4911607..4912051,,,,,,,,1296930..1298162,,,,,,,,,,
tig00014487,ESBL08,tig00014487 len=262122 reads=271 covStat=806.08 gappedBases=no class=contig suggestRepeat=no suggestCircular=no,plasmid,P_0,True,True,False,264879,"['tet(B)', 'IncFIB(AP001918)', 'IncFIA', 'IncFIC(FII)']",,,,,,,,,,122349..122732,108969..109650,,,183913..184210,,,,,,,,,,,,,,,,,,,,,,,,,,,,,,,,,,,,,,,,,,,,,,,,,214073..215277,
tig00014488,ESBL08,tig00014488 len=56772 reads=1 covStat=0.00 gappedBases=no class=contig suggestRepeat=no suggestCircular=no,misc,M_0,False,True,False,57308,['tet(B)'],,,,,,,,,,,,,,,,,,,,,,,,,,,,,,,,,,,,,,,,,,,,,,,,,,,,,,,,,,,,,,,5754..6956,
tig00014486,ESBL08,tig00014486 len=31935 reads=19 covStat=74.39 gappedBases=no class=contig suggestRepeat=no suggestCircular=no,misc,M_1,False,False,False,32064,[],,,,,,,,,,,,,,,,,,,,,,,,,,,,,,,,,,,,,,,,,,,,,,,,,,,,,,,,,,,,,,,,
tig00014485,ESBL08,tig00014485 len=18611 reads=1 covStat=0.00 gappedBases=no class=contig suggestRepeat=no suggestCircular=no,misc,M_2,False,False,False,18699,[],,,,,,,,,,,,,,,,,,,,,,,,,,,,,,,,,,,,,,,,,,,,,,,,,,,,,,,,,,,,,,,,
tig00000267,ESBL08,tig00000267 len=10087 reads=3 covStat=7.60 gappedBases=no class=contig suggestRepeat=no suggestCircular=no,misc,M_3,False,False,False,10218,[],,,,,,,,,,,,,,,,,,,,,,,,,,,,,,,,,,,,,,,,,,,,,,,,,,,,,,,,,,,,,,,,
tig00000001,ESBL09,tig00000001 len=5273385 reads=9001 covStat=14827.06 gappedBases=no class=contig suggestRepeat=no suggestCircular=yes,chromosome,C_0,False,True,True,5318467,"['blaCTX-M-3', 'mdf(A)', 'tet(34)']",,,,,,,,,,,,,,,,,,,,,,,,,,,,,,,,,,,,,,,,1662287..1663162,,,,,,,,,,,,,,1911106..1912338,,,,,,,2559436..2559791,,,
tig00000197,ESBL09,tig00000197 len=144736 reads=125 covStat=462.26 gappedBases=no class=contig suggestRepeat=no suggestCircular=yes,plasmid,P_0,True,True,True,146629,"['blaTEM-1B', 'IncFIB(AP001918)', 'IncFII(29)', 'Col156']",,,,,,73237..73378,,,,,49787..50468,,,,,96655..96913,,,,,,,,,,,,,,,,,,,,,,,,,,,90796..91654,,,,,,,,,,,,,,,,,,,,,
tig00000202,ESBL09,tig00000202 len=101144 reads=110 covStat=304.94 gappedBases=no class=contig suggestRepeat=no suggestCircular=yes,plasmid,P_1,True,True,True,101749,"['blaCTX-M-15', 'blaTEM-1B', 'IncI1']",,,,,,,,,,,,,,,,,,5419..5560,,,,,,,,,,,,,,,,,,,,86223..87097,,,,,82549..83409,,,,,,,,,,,,,,,,,,,,,
tig00015353,ESBL09,tig00015353 len=7172 reads=31 covStat=-2.84 gappedBases=no class=contig suggestRepeat=no suggestCircular=yes,plasmid,P_2,True,False,True,7271,['ColRNAI'],,,,,,,,6580..6710,,,,,,,,,,,,,,,,,,,,,,,,,,,,,,,,,,,,,,,,,,,,,,,,,,,,,,,,
tig00015352,ESBL09,tig00015352 len=4458 reads=1 covStat=0.00 gappedBases=no class=contig suggestRepeat=no suggestCircular=no,plasmid,P_3,True,False,False,4523,['ColRNAI'],,,,,,,,2537..2667,,,,,,,,,,,,,,,,,,,,,,,,,,,,,,,,,,,,,,,,,,,,,,,,,,,,,,,,
tig00000196,ESBL09,tig00000196 len=4138 reads=46 covStat=-21.13 gappedBases=no class=contig suggestRepeat=no suggestCircular=no,plasmid,P_4,True,False,False,4186,['Col(BS512)'],,2974..3166,,,,,,,,,,,,,,,,,,,,,,,,,,,,,,,,,,,,,,,,,,,,,,,,,,,,,,,,,,,,,,
tig00000199,ESBL09,tig00000199 len=2938 reads=31 covStat=-13.95 gappedBases=no class=contig suggestRepeat=no suggestCircular=yes,plasmid,P_5,True,False,True,2986,['Col(MG828)'],,,,1658..1917,,,,,,,,,,,,,,,,,,,,,,,,,,,,,,,,,,,,,,,,,,,,,,,,,,,,,,,,,,,,
tig00000198,ESBL09,tig00000198 len=2891 reads=27 covStat=-12.39 gappedBases=no class=contig suggestRepeat=no suggestCircular=yes,plasmid,P_6,True,False,True,2926,['Col(MG828)'],,,,2369..2620,,,,,,,,,,,,,,,,,,,,,,,,,,,,,,,,,,,,,,,,,,,,,,,,,,,,,,,,,,,,
tig00000214,ESBL09,tig00000214 len=6542 reads=3 covStat=2.61 gappedBases=no class=contig suggestRepeat=no suggestCircular=no,misc,M_0,False,False,False,6555,[],,,,,,,,,,,,,,,,,,,,,,,,,,,,,,,,,,,,,,,,,,,,,,,,,,,,,,,,,,,,,,,,
tig00000001,ESBL26,tig00000001 len=5058867 reads=30691 covStat=24951.65 gappedBases=no class=contig suggestRepeat=no suggestCircular=yes,chromosome,C_0,False,True,True,5105484,['mdf(A)'],,,,,,,,,,,,,,,,,,,,,,,,,,,,,,,,,,,,,,,,,,,,,,,,,,,,,,1463208..1464440,,,,,,,,,,
tig00000008,ESBL26,tig00000008 len=171216 reads=428 covStat=1073.58 gappedBases=no class=contig suggestRepeat=no suggestCircular=yes,plasmid,P_0,True,True,True,173037,"[""ant(3'')-Ia"", 'IncFIC(FII)', 'dfrA14', 'mph(A)', 'blaCTX-M-14', 'IncFIB(AP001918)', 'tet(B)', 'IncFIA']",,,,,,,,,,135294..135681,119198..119878,,,69539..69836,,,,,,,,,,,,,,,,85872..86039,,,,,,64556..65431,,,,,,,,,,,,,,86046..86528,,,,,,81190..82111,,,,,,,94307..95512,
tig00000011,ESBL26,tig00000011 len=133652 reads=124 covStat=1081.93 gappedBases=no class=contig suggestRepeat=no suggestCircular=yes,plasmid,P_1,True,False,True,135021,['p0111'],,,,,,,,,,,,,,,,,,,,,,,,,,,,,,,,,,,,,,,,,,,,,,,,,,,,,,,,,52617..53501,,,,,,,
tig00000010,ESBL26,tig00000010 len=119676 reads=186 covStat=828.99 gappedBases=no class=contig suggestRepeat=no suggestCircular=yes,plasmid,P_2,True,False,True,121161,['IncB/O/K/Z'],,,,,,,,,104843..104993,,,,,,,,,,,,,,,,,,,,,,,,,,,,,,,,,,,,,,,,,,,,,,,,,,,,,,,
tig00000003,ESBL26,tig00000003 len=22456 reads=174 covStat=59.31 gappedBases=no class=contig suggestRepeat=no suggestCircular=no,plasmid,P_3,True,False,False,22706,['ColRNAI'],,,,,,,,20864..20983,,,,,,,,,,,,,,,,,,,,,,,,,,,,,,,,,,,,,,,,,,,,,,,,,,,,,,,,
tig00000004,ESBL26,tig00000004 len=14187 reads=109 covStat=29.93 gappedBases=no class=contig suggestRepeat=no suggestCircular=yes,plasmid,P_4,True,False,True,14379,['Col156'],,,,,,12812..12965,,,,,,,,,,,,,,,,,,,,,,,,,,,,,,,,,,,,,,,,,,,,,,,,,,,,,,,,,,
tig00000005,ESBL26,tig00000005 len=7661 reads=63 covStat=11.60 gappedBases=no class=contig suggestRepeat=no suggestCircular=yes,plasmid,P_5,True,False,True,7738,['Col8282'],,,,,,,5706..5910,,,,,,,,,,,,,,,,,,,,,,,,,,,,,,,,,,,,,,,,,,,,,,,,,,,,,,,,,
tig00000009,ESBL26,tig00000009 len=3023 reads=29 covStat=-5.18 gappedBases=no class=contig suggestRepeat=no suggestCircular=yes,plasmid,P_6,True,False,True,3055,['Col(MG828)'],,,,1459..1720,,,,,,,,,,,,,,,,,,,,,,,,,,,,,,,,,,,,,,,,,,,,,,,,,,,,,,,,,,,,
tig00000001,ESBL01,tig00000001 len=5052274 reads=14467 covStat=30504.06 gappedBases=no class=contig suggestRepeat=no suggestCircular=yes,chromosome,C_0,False,True,True,5094500,['mdf(A)'],,,,,,,,,,,,,,,,,,,,,,,,,,,,,,,,,,,,,,,,,,,,,,,,,,,,,,2379404..2380636,,,,,,,,,,
tig00000131,ESBL01,tig00000131 len=177888 reads=364 covStat=1049.32 gappedBases=no class=contig suggestRepeat=no suggestCircular=yes,plasmid,P_0,True,False,True,179994,"['IncFIB(AP001918)', 'IncFIA', 'IncFIC(FII)']",,,,,,,,,,154385..154762,123419..124100,,,54253..54749,,,,,,,,,,,,,,,,,,,,,,,,,,,,,,,,,,,,,,,,,,,,,,,,,,
tig00000132,ESBL01,tig00000132 len=131269 reads=270 covStat=750.22 gappedBases=no class=contig suggestRepeat=no suggestCircular=yes,plasmid,P_1,True,True,True,132838,"[""ant(3'')-Ia"", 'blaCTX-M-138', 'aadA5', 'dfrA17', 'sul2', 'blaCTX-M-1', 'IncI1']",,,,,,,,,,,,,,,,,,39826..39967,,,,,,,,,,49153..49941,,48364..48530,,,,21164..22032,132135..132838,,,,,,,,,,,,,,,,48549..49022,,,,,,,,52343..53158,,,,,
tig00000142,ESBL01,tig00000142 len=117012 reads=150 covStat=751.62 gappedBases=no class=contig suggestRepeat=no suggestCircular=yes,plasmid,P_2,True,False,True,118455,['IncFIC(FII)'],,,,,,,,,,,,,,111333..111601,,,,,,,,,,,,,,,,,,,,,,,,,,,,,,,,,,,,,,,,,,,,,,,,,,
tig00000123,ESBL01,tig00000123 len=13522 reads=102 covStat=-5.22 gappedBases=no class=contig suggestRepeat=no suggestCircular=yes,plasmid,P_3,True,False,True,13683,['ColRNAI'],,,,,,,,11192..11322,,,,,,,,,,,,,,,,,,,,,,,,,,,,,,,,,,,,,,,,,,,,,,,,,,,,,,,,
tig00025821,ESBL01,tig00025821 len=51287 reads=1 covStat=0.00 gappedBases=no class=contig suggestRepeat=no suggestCircular=no,misc,M_0,False,False,False,51631,[],,,,,,,,,,,,,,,,,,,,,,,,,,,,,,,,,,,,,,,,,,,,,,,,,,,,,,,,,,,,,,,,
tig00025818,ESBL01,tig00025818 len=48742 reads=1 covStat=0.00 gappedBases=no class=contig suggestRepeat=no suggestCircular=no,misc,M_1,False,False,False,49052,[],,,,,,,,,,,,,,,,,,,,,,,,,,,,,,,,,,,,,,,,,,,,,,,,,,,,,,,,,,,,,,,,
tig00025822,ESBL01,tig00025822 len=42172 reads=108 covStat=193.92 gappedBases=no class=contig suggestRepeat=no suggestCircular=no,misc,M_2,False,False,False,42440,[],,,,,,,,,,,,,,,,,,,,,,,,,,,,,,,,,,,,,,,,,,,,,,,,,,,,,,,,,,,,,,,,
tig00025823,ESBL01,tig00025823 len=2554 reads=1 covStat=0.00 gappedBases=no class=contig suggestRepeat=no suggestCircular=no,misc,M_3,False,False,False,2555,[],,,,,,,,,,,,,,,,,,,,,,,,,,,,,,,,,,,,,,,,,,,,,,,,,,,,,,,,,,,,,,,,
tig00000001,ESBL02,tig00000001 len=819484 reads=751 covStat=226.30 gappedBases=no class=contig suggestRepeat=no suggestCircular=no,misc,M_0,False,False,False,828923,[],,,,,,,,,,,,,,,,,,,,,,,,,,,,,,,,,,,,,,,,,,,,,,,,,,,,,,,,,,,,,,,,
tig00000009,ESBL02,tig00000009 len=463525 reads=351 covStat=173.45 gappedBases=no class=contig suggestRepeat=no suggestCircular=no,misc,M_1,False,False,False,468828,[],,,,,,,,,,,,,,,,,,,,,,,,,,,,,,,,,,,,,,,,,,,,,,,,,,,,,,,,,,,,,,,,
tig00000018,ESBL02,tig00000018 len=411556 reads=357 covStat=123.56 gappedBases=no class=contig suggestRepeat=no suggestCircular=no,misc,M_2,False,False,False,416298,[],,,,,,,,,,,,,,,,,,,,,,,,,,,,,,,,,,,,,,,,,,,,,,,,,,,,,,,,,,,,,,,,
tig00000006,ESBL02,tig00000006 len=406046 reads=322 covStat=150.48 gappedBases=no class=contig suggestRepeat=no suggestCircular=no,misc,M_3,False,False,False,410265,[],,,,,,,,,,,,,,,,,,,,,,,,,,,,,,,,,,,,,,,,,,,,,,,,,,,,,,,,,,,,,,,,
tig00000012,ESBL02,tig00000012 len=391714 reads=331 covStat=122.11 gappedBases=no class=contig suggestRepeat=no suggestCircular=no,misc,M_4,False,False,False,396326,[],,,,,,,,,,,,,,,,,,,,,,,,,,,,,,,,,,,,,,,,,,,,,,,,,,,,,,,,,,,,,,,,
tig00000038,ESBL02,tig00000038 len=267309 reads=158 covStat=133.62 gappedBases=no class=contig suggestRepeat=no suggestCircular=no,misc,M_5,False,False,False,270927,[],,,,,,,,,,,,,,,,,,,,,,,,,,,,,,,,,,,,,,,,,,,,,,,,,,,,,,,,,,,,,,,,
tig00000043,ESBL02,tig00000043 len=246029 reads=185 covStat=91.99 gappedBases=no class=contig suggestRepeat=no suggestCircular=no,misc,M_6,False,False,False,248891,[],,,,,,,,,,,,,,,,,,,,,,,,,,,,,,,,,,,,,,,,,,,,,,,,,,,,,,,,,,,,,,,,
tig00000025,ESBL02,tig00000025 len=231171 reads=148 covStat=108.04 gappedBases=no class=contig suggestRepeat=no suggestCircular=no,misc,M_7,False,False,False,234756,[],,,,,,,,,,,,,,,,,,,,,,,,,,,,,,,,,,,,,,,,,,,,,,,,,,,,,,,,,,,,,,,,
tig00000030,ESBL02,tig00000030 len=183130 reads=119 covStat=79.42 gappedBases=no class=contig suggestRepeat=no suggestCircular=no,misc,M_8,False,False,False,185916,[],,,,,,,,,,,,,,,,,,,,,,,,,,,,,,,,,,,,,,,,,,,,,,,,,,,,,,,,,,,,,,,,
tig00000050,ESBL02,tig00000050 len=155497 reads=89 covStat=78.86 gappedBases=no class=contig suggestRepeat=no suggestCircular=no,misc,M_9,False,True,False,157974,['mdf(A)'],,,,,,,,,,,,,,,,,,,,,,,,,,,,,,,,,,,,,,,,,,,,,,,,,,,,,,39985..41217,,,,,,,,,,
tig00000049,ESBL02,tig00000049 len=152920 reads=104 covStat=63.32 gappedBases=no class=contig suggestRepeat=no suggestCircular=no,misc,M_10,False,False,False,154743,[],,,,,,,,,,,,,,,,,,,,,,,,,,,,,,,,,,,,,,,,,,,,,,,,,,,,,,,,,,,,,,,,
tig00000054,ESBL02,tig00000054 len=148995 reads=92 covStat=63.31 gappedBases=no class=contig suggestRepeat=no suggestCircular=no,misc,M_11,False,False,False,150855,[],,,,,,,,,,,,,,,,,,,,,,,,,,,,,,,,,,,,,,,,,,,,,,,,,,,,,,,,,,,,,,,,
tig00000057,ESBL02,tig00000057 len=148084 reads=91 covStat=69.54 gappedBases=no class=contig suggestRepeat=no suggestCircular=no,misc,M_12,False,False,False,150350,[],,,,,,,,,,,,,,,,,,,,,,,,,,,,,,,,,,,,,,,,,,,,,,,,,,,,,,,,,,,,,,,,
tig00000031,ESBL02,tig00000031 len=143209 reads=101 covStat=54.85 gappedBases=no class=contig suggestRepeat=no suggestCircular=no,misc,M_13,False,False,False,145220,[],,,,,,,,,,,,,,,,,,,,,,,,,,,,,,,,,,,,,,,,,,,,,,,,,,,,,,,,,,,,,,,,
tig00000071,ESBL02,tig00000071 len=110314 reads=70 covStat=44.70 gappedBases=no class=contig suggestRepeat=no suggestCircular=no,misc,M_14,False,False,False,111685,[],,,,,,,,,,,,,,,,,,,,,,,,,,,,,,,,,,,,,,,,,,,,,,,,,,,,,,,,,,,,,,,,
tig00001424,ESBL02,tig00001424 len=99995 reads=90 covStat=25.21 gappedBases=no class=contig suggestRepeat=no suggestCircular=no,misc,M_15,False,False,False,101023,[],,,,,,,,,,,,,,,,,,,,,,,,,,,,,,,,,,,,,,,,,,,,,,,,,,,,,,,,,,,,,,,,
tig00000078,ESBL02,tig00000078 len=64652 reads=29 covStat=29.19 gappedBases=no class=contig suggestRepeat=no suggestCircular=no,misc,M_16,False,False,False,65567,[],,,,,,,,,,,,,,,,,,,,,,,,,,,,,,,,,,,,,,,,,,,,,,,,,,,,,,,,,,,,,,,,
tig00000084,ESBL02,tig00000084 len=59565 reads=38 covStat=15.95 gappedBases=no class=contig suggestRepeat=no suggestCircular=no,misc,M_17,False,False,False,60539,[],,,,,,,,,,,,,,,,,,,,,,,,,,,,,,,,,,,,,,,,,,,,,,,,,,,,,,,,,,,,,,,,
tig00000082,ESBL02,tig00000082 len=47160 reads=27 covStat=16.11 gappedBases=no class=contig suggestRepeat=no suggestCircular=no,misc,M_18,False,False,False,47958,[],,,,,,,,,,,,,,,,,,,,,,,,,,,,,,,,,,,,,,,,,,,,,,,,,,,,,,,,,,,,,,,,
tig00000088,ESBL02,tig00000088 len=40745 reads=21 covStat=15.02 gappedBases=no class=contig suggestRepeat=no suggestCircular=no,misc,M_19,False,False,False,41601,[],,,,,,,,,,,,,,,,,,,,,,,,,,,,,,,,,,,,,,,,,,,,,,,,,,,,,,,,,,,,,,,,
tig00001425,ESBL02,tig00001425 len=31304 reads=1 covStat=0.00 gappedBases=no class=contig suggestRepeat=no suggestCircular=no,misc,M_20,False,False,False,31670,[],,,,,,,,,,,,,,,,,,,,,,,,,,,,,,,,,,,,,,,,,,,,,,,,,,,,,,,,,,,,,,,,
tig00000101,ESBL02,tig00000101 len=28062 reads=13 covStat=14.24 gappedBases=no class=contig suggestRepeat=no suggestCircular=no,misc,M_21,False,False,False,28411,[],,,,,,,,,,,,,,,,,,,,,,,,,,,,,,,,,,,,,,,,,,,,,,,,,,,,,,,,,,,,,,,,
tig00000094,ESBL02,tig00000094 len=26227 reads=23 covStat=4.76 gappedBases=no class=contig suggestRepeat=no suggestCircular=no,misc,M_22,False,False,False,26529,[],,,,,,,,,,,,,,,,,,,,,,,,,,,,,,,,,,,,,,,,,,,,,,,,,,,,,,,,,,,,,,,,
tig00000001,ESBL03,tig00000001 len=5261389 reads=34919 covStat=31647.52 gappedBases=no class=contig suggestRepeat=no suggestCircular=yes,chromosome,C_0,False,True,True,5312131,"['blaCTX-M-15', ""aac(6')-Ib-cr"", 'catB3', 'mdf(A)', 'blaOXA-1']",,,,,,,,,,,,,,,,,,,,,,,,,,5155612..5156211,,,,,,,,,,,,5177885..5178760,,,,5156342..5157170,,,,5157308..5157752,,,,,,,,3596652..3597884,,,,,,,,,,
tig00000006,ESBL03,tig00000006 len=160860 reads=229 covStat=1294.69 gappedBases=no class=contig suggestRepeat=no suggestCircular=yes,plasmid,P_0,True,False,True,162665,"['IncFIB(AP001918)', 'IncFIA', 'IncFIC(FII)']",,,,,,,,,,158479..158859,49699..50380,,,95401..95901,,,,,,,,,,,,,,,,,,,,,,,,,,,,,,,,,,,,,,,,,,,,,,,,,,
tig00000001,ESBL22,tig00000001 len=4965204 reads=12546 covStat=31555.51 gappedBases=no class=contig suggestRepeat=no suggestCircular=yes,chromosome,C_0,False,True,True,5008434,['mdf(A)'],,,,,,,,,,,,,,,,,,,,,,,,,,,,,,,,,,,,,,,,,,,,,,,,,,,,,,3445398..3446630,,,,,,,,,,
tig00000048,ESBL22,tig00000048 len=166358 reads=227 covStat=1031.06 gappedBases=no class=contig suggestRepeat=no suggestCircular=yes,plasmid,P_0,True,True,True,168178,"[""ant(3'')-Ia"", 'dfrA17', ""aph(3'')-Ib"", 'aadA5', 'aph(6)-Id', 'Col156', 'sul1', 'sul2', 'IncFIB(AP001918)', 'tet(A)', 'blaCTX-M-27', 'IncFII(pRSB107)', 'IncFIA', 'mph(A)']",,,,,,135293..135434,,,,90700..91087,111798..112479,,,,,,43052..43312,,,,,,,,,,,155492..156280,,154703..154869,31251..32054,,166917..167753,,,,,,36720..37595,,,,,,,,,,,,154888..155361,,,,,162956..163877,,156799..157665,165240..166055,,,33868..35114,,
tig00000047,ESBL22,tig00000047 len=10181 reads=114 covStat=-25.50 gappedBases=no class=contig suggestRepeat=no suggestCircular=yes,plasmid,P_1,True,False,True,10311,['Col156'],,,,,,5420..5573,,,,,,,,,,,,,,,,,,,,,,,,,,,,,,,,,,,,,,,,,,,,,,,,,,,,,,,,,,
tig00000001,ESBL05,tig00000001 len=4950193 reads=31947 covStat=26496.22 gappedBases=no class=contig suggestRepeat=no suggestCircular=yes,chromosome,C_0,False,True,True,4994769,"['mdf(A)', 'tet(34)']",,,,,,,,,,,,,,,,,,,,,,,,,,,,,,,,,,,,,,,,,,,,,,,,,,,,,,4578248..4579480,,,,,,,3953899..3954254,,,
tig00000004,ESBL05,tig00000004 len=133899 reads=148 covStat=1064.67 gappedBases=no class=contig suggestRepeat=no suggestCircular=yes,plasmid,P_0,True,False,True,135312,['IncFIB(pKPHS1)'],,,,,,,,,,,,,42401..42960,,,,,,,,,,,,,,,,,,,,,,,,,,,,,,,,,,,,,,,,,,,,,,,,,,,
tig00000005,ESBL05,tig00000005 len=124048 reads=161 covStat=1006.21 gappedBases=no class=contig suggestRepeat=no suggestCircular=yes,plasmid,P_1,True,True,True,125425,"['blaCTX-M-1', 'IncI1']",,,,,,,,,,,,,,,,,,42051..42192,,,,,,,,,,,,,,,,35893..36768,,,,,,,,,,,,,,,,,,,,,,,,,,,,,,
tig00000006,ESBL05,tig00000006 len=86644 reads=72 covStat=663.08 gappedBases=no class=contig suggestRepeat=no suggestCircular=no,plasmid,P_2,True,True,False,87196,"['IncX1', ""ant(3'')-Ia"", 'IncX3', 'lnu(F)', 'blaTEM-1B']",,,,,,,,,,,,,,,,,,,,,81662..82028,83516..83857,,,,,,,,65685..66483,,,,,,,,,,,,,68145..69005,,,,,,,,,,63017..63838,,,,,,,,,,,
tig00017325,ESBL05,tig00017325 len=51931 reads=45 covStat=350.22 gappedBases=no class=contig suggestRepeat=no suggestCircular=no,plasmid,P_3,True,True,False,52508,"['mef(B)', 'IncR', 'aadA8b', ""ant(3'')-Ia"", 'dfrA12', 'sul3', 'blaTEM-1B', 'cmlA1', 'IncN']",,,,,,,,,,,,,,,,,,,17430..17567,48188..48438,,,,,,,,,32612..33403,35007..35808,,,,,,,,,,,,,21844..22698,,,,33665..34924,,31707..32204,,,,,,40042..40304,,,,,37490..38281,,,,
tig00017324,ESBL05,tig00017324 len=50134 reads=1 covStat=0.00 gappedBases=no class=contig suggestRepeat=no suggestCircular=no,plasmid,P_4,True,True,False,50205,"[""ant(3'')-Ia"", 'aadA1', 'IncX1', 'IncX3', 'lnu(F)', 'blaTEM-1B']",,,,,,,,,,,,,,,,,,,,,162..527,1999..2334,,,,,33714..34219,,,35205..35980,,,,,,,,,,,,,37592..38424,,,,,,,,,,32674..33474,,,,,,,,,,,
tig00017323,ESBL05,tig00017323 len=40081 reads=25 covStat=308.73 gappedBases=no class=contig suggestRepeat=no suggestCircular=no,plasmid,P_5,True,True,False,40272,"['IncX1', 'aadA1', 'IncX3', 'lnu(F)', ""ant(3'')-Ia""]",,,,,,,,,,,,,,,,,,,,,4310..4675,6175..6503,,,,,36237..36961,,,39700..40272,,,,,,,,,,,,,,,,,,,,,,,37085..37891,,,,,,,,,,,
tig00017326,ESBL05,tig00017326 len=37861 reads=1 covStat=0.00 gappedBases=no class=contig suggestRepeat=no suggestCircular=no,plasmid,P_6,True,True,False,37954,"['mef(B)', 'IncR', 'aadA8b', ""ant(3'')-Ia"", 'dfrA12', 'sul3', 'blaTEM-1B', 'cmlA1', 'IncN']",,,,,,,,,,,,,,,,,,,3415..3550,33453..33695,,,,,,,,,18236..19006,20576..21372,,,,,,,,,,,,,7680..8527,,,,19261..20497,,17345..17836,,,,,,25537..25792,,,,,23021..23802,,,,
tig00000001,ESBL20,tig00000001 len=5036964 reads=11646 covStat=21025.11 gappedBases=no class=contig suggestRepeat=no suggestCircular=yes,chromosome,C_0,False,True,True,5079073,['mdf(A)'],,,,,,,,,,,,,,,,,,,,,,,,,,,,,,,,,,,,,,,,,,,,,,,,,,,,,,4876815..4878047,,,,,,,,,,
tig00000118,ESBL20,tig00000118 len=179740 reads=177 covStat=781.13 gappedBases=no class=contig suggestRepeat=no suggestCircular=yes,plasmid,P_0,True,True,True,181546,"[""ant(3'')-Ia"", 'mph(A)', ""aph(3'')-Ib"", 'aadA5', 'dfrA17', 'Col156', 'sul1', 'sul2', 'IncFIB(AP001918)', 'tet(A)', 'blaCTX-M-27', 'IncFII(pRSB107)', 'IncFIA']",,,,,,91786..91927,,,,52636..53023,68298..68979,,,,,,153999..154259,,,,,,,,,,,175893..176681,,177298..177464,165249..166052,,,,,,,,159710..160585,,,,,,,,,,,,176812..177280,,,,,168298..169215,,174508..175373,166113..166928,,,162191..163437,,
tig00000121,ESBL20,tig00000121 len=118446 reads=227 covStat=514.74 gappedBases=no class=contig suggestRepeat=no suggestCircular=yes,plasmid,P_1,True,False,True,119827,['IncI1'],,,,,,,,,,,,,,,,,,106197..106338,,,,,,,,,,,,,,,,,,,,,,,,,,,,,,,,,,,,,,,,,,,,,,
tig00000122,ESBL20,tig00000122 len=9676 reads=33 covStat=19.37 gappedBases=no class=contig suggestRepeat=no suggestCircular=yes,plasmid,P_2,True,False,True,9844,['Col156'],,,,,,1733..1886,,,,,,,,,,,,,,,,,,,,,,,,,,,,,,,,,,,,,,,,,,,,,,,,,,,,,,,,,,
tig00000117,ESBL20,tig00000117 len=2956 reads=36 covStat=-14.44 gappedBases=no class=contig suggestRepeat=no suggestCircular=yes,plasmid,P_3,True,False,True,3001,['Col(MG828)'],,,,2916..2999,,,,,,,,,,,,,,,,,,,,,,,,,,,,,,,,,,,,,,,,,,,,,,,,,,,,,,,,,,,,
tig00000001,ESBL21,tig00000001 len=4957118 reads=8530 covStat=19607.98 gappedBases=no class=contig suggestRepeat=no suggestCircular=yes,chromosome,C_0,False,True,True,4997101,['mdf(A)'],,,,,,,,,,,,,,,,,,,,,,,,,,,,,,,,,,,,,,,,,,,,,,,,,,,,,,830050..831282,,,,,,,,,,
tig00000341,ESBL21,tig00000341 len=166754 reads=189 covStat=658.18 gappedBases=no class=contig suggestRepeat=no suggestCircular=yes,plasmid,P_0,True,True,True,168654,"['IncI1', 'blaTEM-1B', 'IncFIB(AP001918)', 'blaCTX-M-8', 'aac(3)-IId', 'IncFIA', 'IncFII(pRSB107)']",,,,,,,,,,53500..53887,32108..32789,,,,,,17645..17905,134684..134825,,,,,,,24940..25800,,,,,,,,,,,,,,,,151635..152510,,22909..23769,,,,,,,,,,,,,,,,,,,,,
tig00000057,ESBL21,tig00000057 len=64638 reads=133 covStat=159.67 gappedBases=no class=contig suggestRepeat=no suggestCircular=no,plasmid,P_1,True,False,False,65319,['IncX4'],,,,,,,,,,,,,,,,,,,,,,,21999..22371,,,,,,,,,,,,,,,,,,,,,,,,,,,,,,,,,,,,,,,,,
tig00000044,ESBL21,tig00000044 len=16966 reads=409 covStat=-212.33 gappedBases=no class=contig suggestRepeat=no suggestCircular=no,plasmid,P_2,True,False,False,17155,['ColRNAI'],,,,,,,,14070..14200,,,,,,,,,,,,,,,,,,,,,,,,,,,,,,,,,,,,,,,,,,,,,,,,,,,,,,,,
tig00000047,ESBL21,tig00000047 len=12351 reads=573 covStat=-348.43 gappedBases=no class=contig suggestRepeat=no suggestCircular=yes,plasmid,P_3,True,False,True,12476,['Col156'],,,,,,7888..8041,,,,,,,,,,,,,,,,,,,,,,,,,,,,,,,,,,,,,,,,,,,,,,,,,,,,,,,,,,
tig00002385,ESBL21,tig00002385 len=9572 reads=730 covStat=-473.16 gappedBases=no class=contig suggestRepeat=no suggestCircular=no,plasmid,P_4,True,False,False,9671,['Col156'],,,,,,8775..8928,,,,,,,,,,,,,,,,,,,,,,,,,,,,,,,,,,,,,,,,,,,,,,,,,,,,,,,,,,
tig00002386,ESBL21,tig00002386 len=5612 reads=208 covStat=-121.39 gappedBases=no class=contig suggestRepeat=yes suggestCircular=no,plasmid,P_5,True,False,False,5670,['Col156'],,,,,,4154..4307,,,,,,,,,,,,,,,,,,,,,,,,,,,,,,,,,,,,,,,,,,,,,,,,,,,,,,,,,,
tig00000050,ESBL21,tig00000050 len=5276 reads=13 covStat=-1.24 gappedBases=no class=contig suggestRepeat=no suggestCircular=no,plasmid,P_6,True,False,False,5316,['Col156'],,,,,,1923..2076,,,,,,,,,,,,,,,,,,,,,,,,,,,,,,,,,,,,,,,,,,,,,,,,,,,,,,,,,,
tig00000049,ESBL21,tig00000049 len=5186 reads=10 covStat=-5.50 gappedBases=no class=contig suggestRepeat=no suggestCircular=no,plasmid,P_7,True,False,False,5241,['Col156'],,,,,,2029..2182,,,,,,,,,,,,,,,,,,,,,,,,,,,,,,,,,,,,,,,,,,,,,,,,,,,,,,,,,,
tig00000349,ESBL21,tig00000349 len=1877 reads=263 covStat=-178.45 gappedBases=no class=contig suggestRepeat=no suggestCircular=no,plasmid,P_8,True,False,False,1925,['Col(KPHS6)'],,,1618..1795,,,,,,,,,,,,,,,,,,,,,,,,,,,,,,,,,,,,,,,,,,,,,,,,,,,,,,,,,,,,,
tig00000373,ESBL21,tig00000373 len=1701 reads=64 covStat=-41.34 gappedBases=no class=contig suggestRepeat=no suggestCircular=no,plasmid,P_9,True,False,False,1740,['Col(KPHS6)'],,,798..975,,,,,,,,,,,,,,,,,,,,,,,,,,,,,,,,,,,,,,,,,,,,,,,,,,,,,,,,,,,,,
tig00000055,ESBL21,tig00000055 len=56877 reads=115 covStat=71.55 gappedBases=no class=contig suggestRepeat=no suggestCircular=no,misc,M_0,False,False,False,57285,[],,,,,,,,,,,,,,,,,,,,,,,,,,,,,,,,,,,,,,,,,,,,,,,,,,,,,,,,,,,,,,,,
tig00000056,ESBL21,tig00000056 len=28945 reads=4 covStat=7.47 gappedBases=no class=contig suggestRepeat=no suggestCircular=no,misc,M_1,False,False,False,29190,[],,,,,,,,,,,,,,,,,,,,,,,,,,,,,,,,,,,,,,,,,,,,,,,,,,,,,,,,,,,,,,,,
tig00000346,ESBL21,tig00000346 len=2295 reads=696 covStat=-476.19 gappedBases=no class=contig suggestRepeat=no suggestCircular=no,misc,M_2,False,False,False,2329,[],,,,,,,,,,,,,,,,,,,,,,,,,,,,,,,,,,,,,,,,,,,,,,,,,,,,,,,,,,,,,,,,
tig00000345,ESBL21,tig00000345 len=1896 reads=447 covStat=-306.02 gappedBases=no class=contig suggestRepeat=no suggestCircular=no,misc,M_3,False,False,False,1919,[],,,,,,,,,,,,,,,,,,,,,,,,,,,,,,,,,,,,,,,,,,,,,,,,,,,,,,,,,,,,,,,,
tig00000372,ESBL21,tig00000372 len=1562 reads=27 covStat=-16.69 gappedBases=no class=contig suggestRepeat=no suggestCircular=no,misc,M_4,False,False,False,1582,[],,,,,,,,,,,,,,,,,,,,,,,,,,,,,,,,,,,,,,,,,,,,,,,,,,,,,,,,,,,,,,,,
tig00000347,ESBL21,tig00000347 len=1419 reads=20 covStat=-12.89 gappedBases=no class=contig suggestRepeat=no suggestCircular=no,misc,M_5,False,False,False,1447,[],,,,,,,,,,,,,,,,,,,,,,,,,,,,,,,,,,,,,,,,,,,,,,,,,,,,,,,,,,,,,,,,
tig00000001,ESBL25,tig00000001 len=5064623 reads=29726 covStat=21514.02 gappedBases=no class=contig suggestRepeat=no suggestCircular=yes,chromosome,C_0,False,True,True,5111014,['mdf(A)'],,,,,,,,,,,,,,,,,,,,,,,,,,,,,,,,,,,,,,,,,,,,,,,,,,,,,,2848409..2849641,,,,,,,,,,
tig00000010,ESBL25,tig00000010 len=173032 reads=364 covStat=1041.75 gappedBases=no class=contig suggestRepeat=no suggestCircular=yes,plasmid,P_0,True,True,True,174912,"[""ant(3'')-Ia"", 'IncFIC(FII)', 'dfrA14', 'mph(A)', 'blaCTX-M-14', 'IncFIB(AP001918)', 'tet(B)', 'IncFIA']",,,,,,,,,,140896..141283,156687..157366,,,75817..76114,,,,,,,,,,,,,,,,59614..59781,,,,,,80221..81096,,,,,,,,,,,,,,59125..59607,,,,,,63542..64463,,,,,,,50141..51346,
tig00000011,ESBL25,tig00000011 len=116419 reads=136 covStat=794.31 gappedBases=no class=contig suggestRepeat=no suggestCircular=yes,plasmid,P_1,True,False,True,117841,['p0111'],,,,,,,,,,,,,,,,,,,,,,,,,,,,,,,,,,,,,,,,,,,,,,,,,,,,,,,,,82832..83716,,,,,,,
tig00000012,ESBL25,tig00000012 len=114530 reads=179 covStat=743.40 gappedBases=no class=contig suggestRepeat=no suggestCircular=yes,plasmid,P_2,True,False,True,116083,['IncB/O/K/Z'],,,,,,,,,114765..114919,,,,,,,,,,,,,,,,,,,,,,,,,,,,,,,,,,,,,,,,,,,,,,,,,,,,,,,
tig00000004,ESBL25,tig00000004 len=14509 reads=85 covStat=40.34 gappedBases=no class=contig suggestRepeat=no suggestCircular=no,plasmid,P_3,True,False,False,14638,['ColRNAI'],,,,,,,,13342..13472,,,,,,,,,,,,,,,,,,,,,,,,,,,,,,,,,,,,,,,,,,,,,,,,,,,,,,,,
tig00000005,ESBL25,tig00000005 len=14224 reads=106 covStat=25.01 gappedBases=no class=contig suggestRepeat=no suggestCircular=yes,plasmid,P_4,True,False,True,14409,['Col156'],,,,,,9674..9827,,,,,,,,,,,,,,,,,,,,,,,,,,,,,,,,,,,,,,,,,,,,,,,,,,,,,,,,,,
tig00000007,ESBL25,tig00000007 len=10585 reads=53 covStat=18.00 gappedBases=no class=contig suggestRepeat=no suggestCircular=yes,plasmid,P_5,True,False,True,10718,['ColRNAI'],,,,,,,,9506..9624,,,,,,,,,,,,,,,,,,,,,,,,,,,,,,,,,,,,,,,,,,,,,,,,,,,,,,,,
tig00000008,ESBL25,tig00000008 len=7109 reads=48 covStat=6.12 gappedBases=no class=contig suggestRepeat=no suggestCircular=yes,plasmid,P_6,True,False,True,7208,['Col8282'],,,,,,,1026..1230,,,,,,,,,,,,,,,,,,,,,,,,,,,,,,,,,,,,,,,,,,,,,,,,,,,,,,,,,
tig00000009,ESBL25,tig00000009 len=2822 reads=19 covStat=-0.70 gappedBases=no class=contig suggestRepeat=no suggestCircular=yes,plasmid,P_7,True,False,True,2883,['Col(MG828)'],,,,2387..2648,,,,,,,,,,,,,,,,,,,,,,,,,,,,,,,,,,,,,,,,,,,,,,,,,,,,,,,,,,,,
tig00000001,ESBL17,tig00000001 len=2267349 reads=3848 covStat=3750.43 gappedBases=no class=contig suggestRepeat=no suggestCircular=no,chromosome,C_0,False,False,False,2289213,[],,,,,,,,,,,,,,,,,,,,,,,,,,,,,,,,,,,,,,,,,,,,,,,,,,,,,,,,,,,,,,,,
tig00006742,ESBL17,tig00006742 len=1382687 reads=2369 covStat=2251.78 gappedBases=no class=contig suggestRepeat=no suggestCircular=no,chromosome,C_1,False,False,False,1395740,[],,,,,,,,,,,,,,,,,,,,,,,,,,,,,,,,,,,,,,,,,,,,,,,,,,,,,,,,,,,,,,,,
tig00006744,ESBL17,tig00006744 len=770654 reads=1268 covStat=1297.06 gappedBases=no class=contig suggestRepeat=no suggestCircular=no,misc,M_0,False,True,False,778254,['mdf(A)'],,,,,,,,,,,,,,,,,,,,,,,,,,,,,,,,,,,,,,,,,,,,,,,,,,,,,,632541..633773,,,,,,,,,,
tig00000012,ESBL17,tig00000012 len=280532 reads=356 covStat=472.40 gappedBases=no class=contig suggestRepeat=no suggestCircular=no,misc,M_1,False,False,False,283173,[],,,,,,,,,,,,,,,,,,,,,,,,,,,,,,,,,,,,,,,,,,,,,,,,,,,,,,,,,,,,,,,,
tig00000084,ESBL17,tig00000084 len=187866 reads=269 covStat=320.45 gappedBases=no class=contig suggestRepeat=no suggestCircular=no,misc,M_2,False,False,False,189824,[],,,,,,,,,,,,,,,,,,,,,,,,,,,,,,,,,,,,,,,,,,,,,,,,,,,,,,,,,,,,,,,,
tig00000090,ESBL17,tig00000090 len=167229 reads=275 covStat=248.55 gappedBases=no class=contig suggestRepeat=no suggestCircular=no,misc,M_3,False,False,False,168827,[],,,,,,,,,,,,,,,,,,,,,,,,,,,,,,,,,,,,,,,,,,,,,,,,,,,,,,,,,,,,,,,,
tig00000104,ESBL17,tig00000104 len=102500 reads=79 covStat=176.52 gappedBases=no class=contig suggestRepeat=no suggestCircular=no,misc,M_4,False,False,False,103444,[],,,,,,,,,,,,,,,,,,,,,,,,,,,,,,,,,,,,,,,,,,,,,,,,,,,,,,,,,,,,,,,,
tig00006743,ESBL17,tig00006743 len=76073 reads=1 covStat=0.00 gappedBases=no class=contig suggestRepeat=no suggestCircular=no,misc,M_5,False,False,False,76682,[],,,,,,,,,,,,,,,,,,,,,,,,,,,,,,,,,,,,,,,,,,,,,,,,,,,,,,,,,,,,,,,,
tig00006745,ESBL17,tig00006745 len=12495 reads=1 covStat=0.00 gappedBases=no class=contig suggestRepeat=no suggestCircular=no,misc,M_6,False,False,False,12587,[],,,,,,,,,,,,,,,,,,,,,,,,,,,,,,,,,,,,,,,,,,,,,,,,,,,,,,,,,,,,,,,,
tig00000856,ESBL17,tig00000856 len=3586 reads=4 covStat=0.88 gappedBases=no class=contig suggestRepeat=no suggestCircular=no,misc,M_7,False,False,False,3709,[],,,,,,,,,,,,,,,,,,,,,,,,,,,,,,,,,,,,,,,,,,,,,,,,,,,,,,,,,,,,,,,,
tig00000116,ESBL17,tig00000116 len=62869 reads=45 covStat=135.57 gappedBases=no class=contig suggestRepeat=no suggestCircular=no,plasmid,P_0,True,True,False,63697,"[""ant(3'')-Ia"", 'mph(A)', 'IncFIC(FII)', 'aadA5', ""aac(6')-Ib-cr"", 'dfrA17', 'sul1', 'blaCTX-M-15', 'tet(A)', 'catB3', 'blaOXA-1']",,,,,,,,,,,,,,18280..18578,,,,,,,,,,,,33803..34402,,47685..48473,,49096..49262,,,,,,,,35681..36556,,,,32849..33669,,,,32268..32712,,,,,48604..49077,,,,,40083..41004,,46299..47165,,,,27691..28937,,
tig00000107,ESBL17,tig00000107 len=39869 reads=24 covStat=80.95 gappedBases=no class=contig suggestRepeat=no suggestCircular=no,plasmid,P_1,True,False,False,40585,['IncFIC(FII)'],,,,,,,,,,,,,,1620..2001,,,,,,,,,,,,,,,,,,,,,,,,,,,,,,,,,,,,,,,,,,,,,,,,,,
tig00000080,ESBL17,tig00000080 len=3961 reads=40 covStat=-20.35 gappedBases=no class=contig suggestRepeat=no suggestCircular=yes,plasmid,P_2,True,False,True,4000,['Col(BS512)'],,3018..3210,,,,,,,,,,,,,,,,,,,,,,,,,,,,,,,,,,,,,,,,,,,,,,,,,,,,,,,,,,,,,,
tig00002646,ESBL16,tig00002646 len=1992804 reads=2470 covStat=1631.00 gappedBases=no class=contig suggestRepeat=no suggestCircular=no,chromosome,C_0,False,False,False,2011611,[],,,,,,,,,,,,,,,,,,,,,,,,,,,,,,,,,,,,,,,,,,,,,,,,,,,,,,,,,,,,,,,,
tig00000055,ESBL16,tig00000055 len=892173 reads=1003 covStat=784.06 gappedBases=no class=contig suggestRepeat=no suggestCircular=no,misc,M_0,False,True,False,901375,['mdf(A)'],,,,,,,,,,,,,,,,,,,,,,,,,,,,,,,,,,,,,,,,,,,,,,,,,,,,,,87284..88516,,,,,,,,,,
tig00000073,ESBL16,tig00000073 len=553077 reads=703 covStat=439.87 gappedBases=no class=contig suggestRepeat=no suggestCircular=no,misc,M_1,False,False,False,558350,[],,,,,,,,,,,,,,,,,,,,,,,,,,,,,,,,,,,,,,,,,,,,,,,,,,,,,,,,,,,,,,,,
tig00002652,ESBL16,tig00002652 len=352646 reads=351 covStat=336.07 gappedBases=no class=contig suggestRepeat=no suggestCircular=no,misc,M_2,False,False,False,356457,[],,,,,,,,,,,,,,,,,,,,,,,,,,,,,,,,,,,,,,,,,,,,,,,,,,,,,,,,,,,,,,,,
tig00000099,ESBL16,tig00000099 len=349915 reads=369 covStat=312.15 gappedBases=no class=contig suggestRepeat=no suggestCircular=no,misc,M_3,False,True,False,353358,['tet(34)'],,,,,,,,,,,,,,,,,,,,,,,,,,,,,,,,,,,,,,,,,,,,,,,,,,,,,,,,,,,,,59190..59545,,,
tig00000117,ESBL16,tig00000117 len=158924 reads=153 covStat=144.25 gappedBases=no class=contig suggestRepeat=no suggestCircular=no,misc,M_4,False,False,False,160650,[],,,,,,,,,,,,,,,,,,,,,,,,,,,,,,,,,,,,,,,,,,,,,,,,,,,,,,,,,,,,,,,,
tig00000136,ESBL16,tig00000136 len=132154 reads=134 covStat=126.10 gappedBases=no class=contig suggestRepeat=no suggestCircular=no,misc,M_5,False,False,False,133341,[],,,,,,,,,,,,,,,,,,,,,,,,,,,,,,,,,,,,,,,,,,,,,,,,,,,,,,,,,,,,,,,,
tig00000112,ESBL16,tig00000112 len=123232 reads=130 covStat=96.29 gappedBases=no class=contig suggestRepeat=no suggestCircular=no,misc,M_6,False,False,False,124422,[],,,,,,,,,,,,,,,,,,,,,,,,,,,,,,,,,,,,,,,,,,,,,,,,,,,,,,,,,,,,,,,,
tig00002649,ESBL16,tig00002649 len=109904 reads=80 covStat=112.62 gappedBases=no class=contig suggestRepeat=no suggestCircular=no,misc,M_7,False,False,False,111080,[],,,,,,,,,,,,,,,,,,,,,,,,,,,,,,,,,,,,,,,,,,,,,,,,,,,,,,,,,,,,,,,,
tig00000140,ESBL16,tig00000140 len=91920 reads=93 covStat=72.98 gappedBases=no class=contig suggestRepeat=no suggestCircular=no,misc,M_8,False,False,False,92815,[],,,,,,,,,,,,,,,,,,,,,,,,,,,,,,,,,,,,,,,,,,,,,,,,,,,,,,,,,,,,,,,,
tig00000166,ESBL16,tig00000166 len=49932 reads=31 covStat=43.15 gappedBases=no class=contig suggestRepeat=no suggestCircular=no,misc,M_9,False,False,False,50555,[],,,,,,,,,,,,,,,,,,,,,,,,,,,,,,,,,,,,,,,,,,,,,,,,,,,,,,,,,,,,,,,,
tig00002647,ESBL16,tig00002647 len=44541 reads=1 covStat=0.00 gappedBases=no class=contig suggestRepeat=no suggestCircular=no,misc,M_10,False,False,False,45022,[],,,,,,,,,,,,,,,,,,,,,,,,,,,,,,,,,,,,,,,,,,,,,,,,,,,,,,,,,,,,,,,,
tig00002650,ESBL16,tig00002650 len=30534 reads=1 covStat=0.00 gappedBases=no class=contig suggestRepeat=no suggestCircular=no,misc,M_11,False,False,False,30783,[],,,,,,,,,,,,,,,,,,,,,,,,,,,,,,,,,,,,,,,,,,,,,,,,,,,,,,,,,,,,,,,,
tig00000732,ESBL16,tig00000732 len=29100 reads=4 covStat=27.43 gappedBases=no class=contig suggestRepeat=no suggestCircular=no,misc,M_12,False,False,False,29322,[],,,,,,,,,,,,,,,,,,,,,,,,,,,,,,,,,,,,,,,,,,,,,,,,,,,,,,,,,,,,,,,,
tig00002645,ESBL16,tig00002645 len=28939 reads=1 covStat=0.00 gappedBases=no class=contig suggestRepeat=no suggestCircular=no,misc,M_13,False,False,False,29285,[],,,,,,,,,,,,,,,,,,,,,,,,,,,,,,,,,,,,,,,,,,,,,,,,,,,,,,,,,,,,,,,,
tig00000731,ESBL16,tig00000731 len=14332 reads=1 covStat=0.00 gappedBases=no class=contig suggestRepeat=no suggestCircular=no,misc,M_14,False,False,False,14426,[],,,,,,,,,,,,,,,,,,,,,,,,,,,,,,,,,,,,,,,,,,,,,,,,,,,,,,,,,,,,,,,,
tig00000733,ESBL16,tig00000733 len=8760 reads=6 covStat=0.79 gappedBases=no class=contig suggestRepeat=yes suggestCircular=no,misc,M_15,False,False,False,8825,[],,,,,,,,,,,,,,,,,,,,,,,,,,,,,,,,,,,,,,,,,,,,,,,,,,,,,,,,,,,,,,,,
tig00002651,ESBL16,tig00002651 len=3522 reads=2 covStat=1.10 gappedBases=no class=contig suggestRepeat=no suggestCircular=no,misc,M_16,False,False,False,3549,[],,,,,,,,,,,,,,,,,,,,,,,,,,,,,,,,,,,,,,,,,,,,,,,,,,,,,,,,,,,,,,,,
tig00000007,ESBL16,tig00000007 len=10353 reads=400 covStat=-267.28 gappedBases=no class=contig suggestRepeat=no suggestCircular=no,plasmid,P_0,True,False,False,10434,"['Col(MGD2)', 'ColRNAI']",,,,,8943..9043,,,8083..8211,,,,,,,,,,,,,,,,,,,,,,,,,,,,,,,,,,,,,,,,,,,,,,,,,,,,,,,,
tig00000076,ESBL16,tig00000076 len=9435 reads=321 covStat=-211.48 gappedBases=no class=contig suggestRepeat=no suggestCircular=no,plasmid,P_1,True,False,False,9521,['Col156'],,,,,,5973..6124,,,,,,,,,,,,,,,,,,,,,,,,,,,,,,,,,,,,,,,,,,,,,,,,,,,,,,,,,,
tig00000020,ESBL16,tig00000020 len=6141 reads=47 covStat=-29.95 gappedBases=no class=contig suggestRepeat=no suggestCircular=no,plasmid,P_2,True,False,False,6170,"['Col(MGD2)', 'ColRNAI']",,,,,4700..4800,,,5525..5651,,,,,,,,,,,,,,,,,,,,,,,,,,,,,,,,,,,,,,,,,,,,,,,,,,,,,,,,
tig00000024,ESBL16,tig00000024 len=5942 reads=49 covStat=-31.85 gappedBases=no class=contig suggestRepeat=no suggestCircular=no,plasmid,P_3,True,False,False,5962,"['Col(MGD2)', 'ColRNAI']",,,,,4988..5088,,,4150..4278,,,,,,,,,,,,,,,,,,,,,,,,,,,,,,,,,,,,,,,,,,,,,,,,,,,,,,,,
tig00000008,ESBL16,tig00000008 len=5722 reads=40 covStat=-26.08 gappedBases=no class=contig suggestRepeat=no suggestCircular=no,plasmid,P_4,True,False,False,5746,"['Col(MGD2)', 'ColRNAI']",,,,,3176..3276,,,2322..2450,,,,,,,,,,,,,,,,,,,,,,,,,,,,,,,,,,,,,,,,,,,,,,,,,,,,,,,,
tig00000028,ESBL16,tig00000028 len=5662 reads=44 covStat=-28.90 gappedBases=no class=contig suggestRepeat=no suggestCircular=no,plasmid,P_5,True,False,False,5682,"['Col(MGD2)', 'ColRNAI']",,,,,1754..1854,,,2582..2710,,,,,,,,,,,,,,,,,,,,,,,,,,,,,,,,,,,,,,,,,,,,,,,,,,,,,,,,
tig00000014,ESBL16,tig00000014 len=5619 reads=43 covStat=-28.12 gappedBases=no class=contig suggestRepeat=no suggestCircular=no,plasmid,P_6,True,False,False,5630,"['Col(MGD2)', 'ColRNAI']",,,,,2951..3051,,,3774..3900,,,,,,,,,,,,,,,,,,,,,,,,,,,,,,,,,,,,,,,,,,,,,,,,,,,,,,,,
tig00000107,ESBL16,tig00000107 len=5485 reads=8 covStat=-4.47 gappedBases=no class=contig suggestRepeat=no suggestCircular=no,plasmid,P_7,True,False,False,5505,"['Col(MGD2)', 'ColRNAI']",,,,,4712..4812,,,3868..3996,,,,,,,,,,,,,,,,,,,,,,,,,,,,,,,,,,,,,,,,,,,,,,,,,,,,,,,,
tig00000040,ESBL16,tig00000040 len=5373 reads=12 covStat=-7.31 gappedBases=no class=contig suggestRepeat=no suggestCircular=no,plasmid,P_8,True,False,False,5394,"['Col(MGD2)', 'ColRNAI']",,,,,3654..3754,,,4469..4595,,,,,,,,,,,,,,,,,,,,,,,,,,,,,,,,,,,,,,,,,,,,,,,,,,,,,,,,
tig00000106,ESBL16,tig00000106 len=5329 reads=4 covStat=-1.92 gappedBases=no class=contig suggestRepeat=no suggestCircular=no,plasmid,P_9,True,False,False,5340,"['Col(MGD2)', 'ColRNAI']",,,,,4953..5053,,,4103..4231,,,,,,,,,,,,,,,,,,,,,,,,,,,,,,,,,,,,,,,,,,,,,,,,,,,,,,,,
tig00000017,ESBL16,tig00000017 len=5270 reads=3 covStat=-1.25 gappedBases=no class=contig suggestRepeat=no suggestCircular=no,plasmid,P_10,True,False,False,5285,"['Col(MGD2)', 'ColRNAI']",,,,,3183..3283,,,4006..4132,,,,,,,,,,,,,,,,,,,,,,,,,,,,,,,,,,,,,,,,,,,,,,,,,,,,,,,,
tig00000016,ESBL16,tig00000016 len=5211 reads=3 covStat=-1.30 gappedBases=no class=contig suggestRepeat=no suggestCircular=no,plasmid,P_11,True,False,False,5228,"['Col(MGD2)', 'ColRNAI']",,,,,2042..2142,,,1197..1325,,,,,,,,,,,,,,,,,,,,,,,,,,,,,,,,,,,,,,,,,,,,,,,,,,,,,,,,
tig00000085,ESBL16,tig00000085 len=4830 reads=8 covStat=-4.46 gappedBases=no class=contig suggestRepeat=no suggestCircular=no,plasmid,P_12,True,False,False,4881,['Col156'],,,,,,1538..1689,,,,,,,,,,,,,,,,,,,,,,,,,,,,,,,,,,,,,,,,,,,,,,,,,,,,,,,,,,
tig00002261,ESBL15,tig00002261 len=2175505 reads=4130 covStat=4529.49 gappedBases=no class=contig suggestRepeat=no suggestCircular=no,chromosome,C_0,False,False,False,2195313,[],,,,,,,,,,,,,,,,,,,,,,,,,,,,,,,,,,,,,,,,,,,,,,,,,,,,,,,,,,,,,,,,
tig00000040,ESBL15,tig00000040 len=1308259 reads=2489 covStat=2716.97 gappedBases=no class=contig suggestRepeat=no suggestCircular=no,chromosome,C_1,False,True,False,1320161,['tet(34)'],,,,,,,,,,,,,,,,,,,,,,,,,,,,,,,,,,,,,,,,,,,,,,,,,,,,,,,,,,,,,613445..613800,,,
tig00002259,ESBL15,tig00002259 len=905250 reads=1752 covStat=1840.04 gappedBases=no class=contig suggestRepeat=no suggestCircular=no,misc,M_0,False,True,False,913623,['mdf(A)'],,,,,,,,,,,,,,,,,,,,,,,,,,,,,,,,,,,,,,,,,,,,,,,,,,,,,,806896..808128,,,,,,,,,,
tig00000087,ESBL15,tig00000087 len=614298 reads=1176 covStat=1236.21 gappedBases=no class=contig suggestRepeat=no suggestCircular=no,misc,M_1,False,False,False,620353,[],,,,,,,,,,,,,,,,,,,,,,,,,,,,,,,,,,,,,,,,,,,,,,,,,,,,,,,,,,,,,,,,
tig00000154,ESBL15,tig00000154 len=52311 reads=36 covStat=111.60 gappedBases=no class=contig suggestRepeat=no suggestCircular=no,misc,M_2,False,False,False,53273,[],,,,,,,,,,,,,,,,,,,,,,,,,,,,,,,,,,,,,,,,,,,,,,,,,,,,,,,,,,,,,,,,
tig00002260,ESBL15,tig00002260 len=18893 reads=1 covStat=0.00 gappedBases=no class=contig suggestRepeat=yes suggestCircular=no,misc,M_3,False,False,False,19009,[],,,,,,,,,,,,,,,,,,,,,,,,,,,,,,,,,,,,,,,,,,,,,,,,,,,,,,,,,,,,,,,,
tig00000147,ESBL15,tig00000147 len=7418 reads=7 covStat=9.92 gappedBases=no class=contig suggestRepeat=no suggestCircular=no,misc,M_4,False,False,False,7448,[],,,,,,,,,,,,,,,,,,,,,,,,,,,,,,,,,,,,,,,,,,,,,,,,,,,,,,,,,,,,,,,,
tig00000158,ESBL15,tig00000158 len=5580 reads=5 covStat=5.18 gappedBases=no class=contig suggestRepeat=no suggestCircular=no,misc,M_5,False,False,False,5585,[],,,,,,,,,,,,,,,,,,,,,,,,,,,,,,,,,,,,,,,,,,,,,,,,,,,,,,,,,,,,,,,,
tig00000148,ESBL15,tig00000148 len=3598 reads=5 covStat=1.62 gappedBases=no class=contig suggestRepeat=no suggestCircular=no,misc,M_6,False,False,False,3612,[],,,,,,,,,,,,,,,,,,,,,,,,,,,,,,,,,,,,,,,,,,,,,,,,,,,,,,,,,,,,,,,,
tig00000160,ESBL15,tig00000160 len=2814 reads=5 covStat=2.24 gappedBases=no class=contig suggestRepeat=no suggestCircular=no,misc,M_7,False,False,False,2827,[],,,,,,,,,,,,,,,,,,,,,,,,,,,,,,,,,,,,,,,,,,,,,,,,,,,,,,,,,,,,,,,,
tig00002262,ESBL15,tig00002262 len=10099 reads=60 covStat=-15.50 gappedBases=no class=contig suggestRepeat=yes suggestCircular=no,plasmid,P_0,True,False,False,10219,"['Col(MGD2)', 'ColRNAI']",,,,,6191..6291,,,5331..5459,,,,,,,,,,,,,,,,,,,,,,,,,,,,,,,,,,,,,,,,,,,,,,,,,,,,,,,,
tig00000136,ESBL15,tig00000136 len=9714 reads=41 covStat=-4.33 gappedBases=no class=contig suggestRepeat=no suggestCircular=yes,plasmid,P_1,True,False,True,9849,['Col156'],,,,,,5747..5898,,,,,,,,,,,,,,,,,,,,,,,,,,,,,,,,,,,,,,,,,,,,,,,,,,,,,,,,,,
tig00002263,ESBL15,tig00002263 len=5259 reads=4 covStat=3.08 gappedBases=no class=contig suggestRepeat=no suggestCircular=no,plasmid,P_2,True,False,False,5321,"['Col(MGD2)', 'ColRNAI']",,,,,5141..5241,,,4286..4414,,,,,,,,,,,,,,,,,,,,,,,,,,,,,,,,,,,,,,,,,,,,,,,,,,,,,,,,
tig00020402,ESBL14,tig00020402 len=4933499 reads=11367 covStat=22267.14 gappedBases=no class=contig suggestRepeat=no suggestCircular=yes,chromosome,C_0,False,True,True,4975355,"['blaTEM-1B', 'mdf(A)']",,,,,,,,,,,,,,,,,,,,,,,,,,,,,,,,,,,,,,,,,,,1434289..1435149,,,,,,,,,,,4620584..4621816,,,,,,,,,,
tig00000138,ESBL14,tig00000138 len=91645 reads=109 covStat=435.50 gappedBases=no class=contig suggestRepeat=no suggestCircular=no,plasmid,P_0,True,True,False,92821,"['blaCTX-M-14', 'IncFII']",,,,,,,,,,,,,,,52879..53139,,,,,,,,,,,,,,,,,,,,,46602..47477,,,,,,,,,,,,,,,,,,,,,,,,,,,,
tig00001442,ESBL14,tig00001442 len=72070 reads=67 covStat=308.96 gappedBases=no class=contig suggestRepeat=no suggestCircular=no,plasmid,P_1,True,False,False,72989,['IncFIC(FII)'],,,,,,,,,,,,,,49545..49842,,,,,,,,,,,,,,,,,,,,,,,,,,,,,,,,,,,,,,,,,,,,,,,,,,
tig00001440,ESBL14,tig00001440 len=69054 reads=95 covStat=260.69 gappedBases=no class=contig suggestRepeat=no suggestCircular=no,plasmid,P_2,True,False,False,69806,"['IncFIA', 'IncFIB(AP001918)']",,,,,,,,,,51946..52308,42900..43581,,,,,,,,,,,,,,,,,,,,,,,,,,,,,,,,,,,,,,,,,,,,,,,,,,,,,
tig00000137,ESBL14,tig00000137 len=55968 reads=82 covStat=246.99 gappedBases=no class=contig suggestRepeat=no suggestCircular=yes,plasmid,P_3,True,False,True,56634,"['IncX4', 'Col(MG828)']",,,,48853..49005,,,,,,,,,,,,,,,,,,,47430..48140,,,,,,,,,,,,,,,,,,,,,,,,,,,,,,,,,,,,,,,,,
tig00020401,ESBL14,tig00020401 len=50627 reads=1 covStat=0.00 gappedBases=no class=contig suggestRepeat=no suggestCircular=no,misc,M_0,False,False,False,50942,[],,,,,,,,,,,,,,,,,,,,,,,,,,,,,,,,,,,,,,,,,,,,,,,,,,,,,,,,,,,,,,,,
tig00001441,ESBL14,tig00001441 len=22058 reads=28 covStat=104.01 gappedBases=no class=contig suggestRepeat=yes suggestCircular=no,misc,M_1,False,False,False,22248,[],,,,,,,,,,,,,,,,,,,,,,,,,,,,,,,,,,,,,,,,,,,,,,,,,,,,,,,,,,,,,,,,
tig00000001,ESBL13,tig00000001 len=2318358 reads=3337 covStat=2867.91 gappedBases=no class=contig suggestRepeat=no suggestCircular=no,chromosome,C_0,False,True,False,2338696,['mdf(A)'],,,,,,,,,,,,,,,,,,,,,,,,,,,,,,,,,,,,,,,,,,,,,,,,,,,,,,1511469..1512701,,,,,,,,,,
tig00000005,ESBL13,tig00000005 len=2034689 reads=3349 covStat=2222.27 gappedBases=no class=contig suggestRepeat=no suggestCircular=no,chromosome,C_1,False,False,False,2051367,[],,,,,,,,,,,,,,,,,,,,,,,,,,,,,,,,,,,,,,,,,,,,,,,,,,,,,,,,,,,,,,,,
tig00004225,ESBL13,tig00004225 len=312783 reads=451 covStat=353.45 gappedBases=no class=contig suggestRepeat=no suggestCircular=no,misc,M_0,False,False,False,315410,[],,,,,,,,,,,,,,,,,,,,,,,,,,,,,,,,,,,,,,,,,,,,,,,,,,,,,,,,,,,,,,,,
tig00000102,ESBL13,tig00000102 len=238058 reads=351 covStat=275.78 gappedBases=no class=contig suggestRepeat=no suggestCircular=no,misc,M_1,False,False,False,240302,[],,,,,,,,,,,,,,,,,,,,,,,,,,,,,,,,,,,,,,,,,,,,,,,,,,,,,,,,,,,,,,,,
tig00000046,ESBL13,tig00000046 len=69005 reads=101 covStat=64.70 gappedBases=no class=contig suggestRepeat=no suggestCircular=no,misc,M_2,False,True,False,69595,['tet(34)'],,,,,,,,,,,,,,,,,,,,,,,,,,,,,,,,,,,,,,,,,,,,,,,,,,,,,,,,,,,,,14502..14857,,,
tig00004224,ESBL13,tig00004224 len=38545 reads=1 covStat=0.00 gappedBases=no class=contig suggestRepeat=no suggestCircular=no,misc,M_3,False,False,False,38809,[],,,,,,,,,,,,,,,,,,,,,,,,,,,,,,,,,,,,,,,,,,,,,,,,,,,,,,,,,,,,,,,,
tig00000035,ESBL13,tig00000035 len=35513 reads=16 covStat=37.78 gappedBases=no class=contig suggestRepeat=no suggestCircular=no,misc,M_4,False,False,False,35718,[],,,,,,,,,,,,,,,,,,,,,,,,,,,,,,,,,,,,,,,,,,,,,,,,,,,,,,,,,,,,,,,,
tig00000126,ESBL13,tig00000126 len=25983 reads=19 covStat=27.25 gappedBases=no class=contig suggestRepeat=no suggestCircular=no,misc,M_5,False,False,False,26265,[],,,,,,,,,,,,,,,,,,,,,,,,,,,,,,,,,,,,,,,,,,,,,,,,,,,,,,,,,,,,,,,,
tig00004226,ESBL13,tig00004226 len=16664 reads=1 covStat=0.00 gappedBases=no class=contig suggestRepeat=no suggestCircular=no,misc,M_6,False,False,False,16890,[],,,,,,,,,,,,,,,,,,,,,,,,,,,,,,,,,,,,,,,,,,,,,,,,,,,,,,,,,,,,,,,,
tig00000017,ESBL13,tig00000017 len=8038 reads=278 covStat=-183.03 gappedBases=no class=contig suggestRepeat=no suggestCircular=no,misc,M_7,False,False,False,8099,[],,,,,,,,,,,,,,,,,,,,,,,,,,,,,,,,,,,,,,,,,,,,,,,,,,,,,,,,,,,,,,,,
tig00000076,ESBL13,tig00000076 len=4596 reads=23 covStat=-13.77 gappedBases=no class=contig suggestRepeat=no suggestCircular=no,misc,M_8,False,False,False,4611,[],,,,,,,,,,,,,,,,,,,,,,,,,,,,,,,,,,,,,,,,,,,,,,,,,,,,,,,,,,,,,,,,
tig00000057,ESBL13,tig00000057 len=4363 reads=17 covStat=-9.98 gappedBases=no class=contig suggestRepeat=no suggestCircular=no,misc,M_9,False,False,False,4391,[],,,,,,,,,,,,,,,,,,,,,,,,,,,,,,,,,,,,,,,,,,,,,,,,,,,,,,,,,,,,,,,,
tig00000064,ESBL13,tig00000064 len=4061 reads=4 covStat=-1.83 gappedBases=no class=contig suggestRepeat=no suggestCircular=no,misc,M_10,False,False,False,4089,[],,,,,,,,,,,,,,,,,,,,,,,,,,,,,,,,,,,,,,,,,,,,,,,,,,,,,,,,,,,,,,,,
tig00000001,ESBL12,tig00000001 len=5322943 reads=10840 covStat=23764.62 gappedBases=no class=contig suggestRepeat=no suggestCircular=yes,chromosome,C_0,False,True,True,5370054,"['blaCTX-M-14b', ""ant(3'')-Ia"", ""aph(3')-Ia"", 'mdf(A)', 'blaTEM-1B', 'dfrA1', 'tet(D)']",,,,,,,,,,,,,,,,,,,,,,,,,,,,,,4785050..4785849,,188092..188907,,,,,4446852..4447727,,,,,,192229..193089,,,,,4783911..4784384,,,,,,1217156..1218388,,,,,,,,,,190565..191749
tig00000003,ESBL12,tig00000003 len=220985 reads=282 covStat=1003.86 gappedBases=no class=contig suggestRepeat=no suggestCircular=no,plasmid,P_0,True,False,False,223453,"['IncFII(pRSB107)', 'IncFIB(AP001918)']",,,,,,,,,,,94131..94812,,,,,,194018..194278,,,,,,,,,,,,,,,,,,,,,,,,,,,,,,,,,,,,,,,,,,,,,,,
tig00022026,ESBL12,tig00022026 len=77298 reads=163 covStat=302.67 gappedBases=no class=contig suggestRepeat=no suggestCircular=no,misc,M_0,False,False,False,77759,[],,,,,,,,,,,,,,,,,,,,,,,,,,,,,,,,,,,,,,,,,,,,,,,,,,,,,,,,,,,,,,,,
tig00022025,ESBL12,tig00022025 len=19808 reads=1 covStat=0.00 gappedBases=no class=contig suggestRepeat=no suggestCircular=no,misc,M_1,False,False,False,19910,[],,,,,,,,,,,,,,,,,,,,,,,,,,,,,,,,,,,,,,,,,,,,,,,,,,,,,,,,,,,,,,,,
tig00000001,ESBL11,tig00000001 len=5254371 reads=12218 covStat=24379.32 gappedBases=no class=contig suggestRepeat=no suggestCircular=yes,chromosome,C_0,False,True,True,5300313,"['mdf(A)', 'tet(34)']",,,,,,,,,,,,,,,,,,,,,,,,,,,,,,,,,,,,,,,,,,,,,,,,,,,,,,4994209..4995441,,,,,,,374083..374438,,,
tig00000246,ESBL11,tig00000246 len=188523 reads=257 covStat=925.86 gappedBases=no class=contig suggestRepeat=no suggestCircular=yes,plasmid,P_0,True,True,True,190652,"[""ant(3'')-Ia"", 'mph(A)', 'catB3', 'aadA5', ""aac(6')-Ib-cr"", 'dfrA17', 'sul1', 'sul2', 'blaOXA-1', 'IncFIB(AP001918)', 'tet(A)', 'blaCTX-M-27', 'IncFII(pRSB107)', 'IncFIA', 'ARR-3', ""aph(3'')-Ib"", 'erm(B)']",25624..25910,,,,,,,,,123179..123566,156623..157304,,,,,,185905..186165,,,,,,,,,27689..28288,,69193..69977,,70599..70765,46531..47334,,,,,,,,54166..55041,,,26728..27558,,,,25958..26590,,,,,70108..70580,59699..60458,,,,61610..62526,,67808..68673,45655..46470,,,49149..50395,,
tig00022483,ESBL11,tig00022483 len=123341 reads=118 covStat=648.86 gappedBases=no class=contig suggestRepeat=no suggestCircular=yes,plasmid,P_1,True,False,True,124765,['p0111'],,,,,,,,,,,,,,,,,,,,,,,,,,,,,,,,,,,,,,,,,,,,,,,,,,,,,,,,,114753..115637,,,,,,,
tig00022482,ESBL11,tig00022482 len=29639 reads=1 covStat=0.00 gappedBases=no class=contig suggestRepeat=no suggestCircular=no,plasmid,P_2,True,False,False,29932,['p0111'],,,,,,,,,,,,,,,,,,,,,,,,,,,,,,,,,,,,,,,,,,,,,,,,,,,,,,,,,17339..18223,,,,,,,
tig00000244,ESBL11,tig00000244 len=10122 reads=95 covStat=-25.90 gappedBases=no class=contig suggestRepeat=no suggestCircular=no,plasmid,P_3,True,False,False,10264,['Col156'],,,,,,7411..7564,,,,,,,,,,,,,,,,,,,,,,,,,,,,,,,,,,,,,,,,,,,,,,,,,,,,,,,,,,
tig00000243,ESBL11,tig00000243 len=9928 reads=99 covStat=-23.97 gappedBases=no class=contig suggestRepeat=no suggestCircular=no,plasmid,P_4,True,False,False,10037,['Col156'],,,,,,5557..5710,,,,,,,,,,,,,,,,,,,,,,,,,,,,,,,,,,,,,,,,,,,,,,,,,,,,,,,,,,
tig00000242,ESBL11,tig00000242 len=8065 reads=86 covStat=-28.93 gappedBases=no class=contig suggestRepeat=no suggestCircular=no,plasmid,P_5,True,False,False,8142,['Col8282'],,,,,,,7460..7661,,,,,,,,,,,,,,,,,,,,,,,,,,,,,,,,,,,,,,,,,,,,,,,,,,,,,,,,,
tig00000245,ESBL11,tig00000245 len=2859 reads=85 covStat=-49.23 gappedBases=no class=contig suggestRepeat=no suggestCircular=no,plasmid,P_6,True,False,False,2892,['Col(MG828)'],,,,1560..1821,,,,,,,,,,,,,,,,,,,,,,,,,,,,,,,,,,,,,,,,,,,,,,,,,,,,,,,,,,,,
tig00016852,ESBL10,tig00016852 len=5235271 reads=8974 covStat=17540.27 gappedBases=no class=contig suggestRepeat=no suggestCircular=yes,chromosome,C_0,False,True,True,5280570,"['blaCTX-M-15', ""aac(6')-Ib-cr"", 'catB3', 'mdf(A)', 'blaOXA-1']",,,,,,,,,,,,,,,,,,,,,,,,,,1677704..1678303,,,,,,,,,,,,1671004..1671879,,,,1676744..1677573,,,,1676162..1676606,,,,,,,,3239040..3240272,,,,,,,,,,
tig00000210,ESBL10,tig00000210 len=188257 reads=465 covStat=405.38 gappedBases=no class=contig suggestRepeat=no suggestCircular=yes,plasmid,P_0,True,False,True,189960,"['IncFIB(AP001918)', 'IncFIA', 'IncFIC(FII)']",,,,,,,,,,111538..111921,124621..125302,,,46184..46684,,,,,,,,,,,,,,,,,,,,,,,,,,,,,,,,,,,,,,,,,,,,,,,,,,
tig00016851,ESBL10,tig00016851 len=100971 reads=1 covStat=0.00 gappedBases=no class=contig suggestRepeat=no suggestCircular=no,misc,M_0,False,False,False,101735,[],,,,,,,,,,,,,,,,,,,,,,,,,,,,,,,,,,,,,,,,,,,,,,,,,,,,,,,,,,,,,,,,
tig00000001,ESBL04,tig00000001 len=5411268 reads=9838 covStat=15050.74 gappedBases=no class=contig suggestRepeat=no suggestCircular=yes,chromosome,C_0,False,True,True,5459060,"['catB3', 'mdf(A)', ""aac(6')-Ib-cr"", 'blaCTX-M-15', 'aac(3)-IIa', 'blaOXA-1']",,,,,,,,,,,,,,,,,,,,,,,,3111316..3112176,,3108314..3108913,,,,,,,,,,,,1535360..1536235,,,,3109044..3109873,,,,3110011..3110455,,,,,,,,3180480..3181712,,,,,,,,,,
tig00000263,ESBL04,tig00000263 len=2558 reads=20 covStat=-8.40 gappedBases=no class=contig suggestRepeat=no suggestCircular=yes,plasmid,P_0,True,False,True,2591,['Col(MG828)'],,,,2110..2371,,,,,,,,,,,,,,,,,,,,,,,,,,,,,,,,,,,,,,,,,,,,,,,,,,,,,,,,,,,,
tig00000001,ESBL19,tig00000001 len=5035587 reads=12974 covStat=25260.94 gappedBases=no class=contig suggestRepeat=no suggestCircular=yes,chromosome,C_0,False,True,True,5080361,['mdf(A)'],,,,,,,,,,,,,,,,,,,,,,,,,,,,,,,,,,,,,,,,,,,,,,,,,,,,,,243000..244232,,,,,,,,,,
tig00000282,ESBL19,tig00000282 len=160608 reads=183 covStat=839.91 gappedBases=no class=contig suggestRepeat=no suggestCircular=yes,plasmid,P_0,True,True,True,162440,"[""ant(3'')-Ia"", 'mph(A)', ""aph(3'')-Ib"", 'aadA5', 'dfrA17', 'Col156', 'sul1', 'sul2', 'IncFIB(AP001918)', 'tet(A)', 'blaCTX-M-27', 'IncFII(pRSB107)', 'IncFIA']",,,,,,93499..93640,,,,132412..132799,116456..117137,,,,,,161307..161567,,,,,,,,,,,138904..139692,,138117..138283,149529..150332,,,,,,,,154991..155865,,,,,,,,,,,,138302..138773,,,,,146366..147287,,140212..141078,148653..149468,,,152140..153386,,
tig00000284,ESBL19,tig00000284 len=106367 reads=212 covStat=565.39 gappedBases=no class=contig suggestRepeat=no suggestCircular=yes,plasmid,P_1,True,False,True,107902,['IncI1'],,,,,,,,,,,,,,,,,,21638..21779,,,,,,,,,,,,,,,,,,,,,,,,,,,,,,,,,,,,,,,,,,,,,,
tig00000281,ESBL19,tig00000281 len=10056 reads=62 covStat=-0.13 gappedBases=no class=contig suggestRepeat=no suggestCircular=yes,plasmid,P_2,True,False,True,10215,['Col156'],,,,,,7643..7796,,,,,,,,,,,,,,,,,,,,,,,,,,,,,,,,,,,,,,,,,,,,,,,,,,,,,,,,,,
tig00000280,ESBL19,tig00000280 len=3023 reads=82 covStat=-45.11 gappedBases=no class=contig suggestRepeat=no suggestCircular=yes,plasmid,P_3,True,False,True,3076,['Col(MG828)'],,,,2372..2633,,,,,,,,,,,,,,,,,,,,,,,,,,,,,,,,,,,,,,,,,,,,,,,,,,,,,,,,,,,,
tig00000001,ESBL18,tig00000001 len=5004676 reads=32857 covStat=27254.16 gappedBases=no class=contig suggestRepeat=no suggestCircular=yes,chromosome,C_0,False,True,True,5049712,['mdf(A)'],,,,,,,,,,,,,,,,,,,,,,,,,,,,,,,,,,,,,,,,,,,,,,,,,,,,,,4527876..4529108,,,,,,,,,,
tig00000007,ESBL18,tig00000007 len=160994 reads=331 covStat=1143.79 gappedBases=no class=contig suggestRepeat=no suggestCircular=yes,plasmid,P_0,True,False,True,162077,['IncFIB(pHCM2)'],,,,,,,,,,,,66343..67217,,,,,,,,,,,,,,,,,,,,,,,,,,,,,,,,,,,,,,,,,,,,,,,,,,,,
tig00000008,ESBL18,tig00000008 len=143493 reads=263 covStat=964.88 gappedBases=no class=contig suggestRepeat=no suggestCircular=yes,plasmid,P_1,True,True,True,145040,"['blaTEM-1C', 'aph(6)-Id', ""aph(3'')-Ib"", 'sul2', 'IncB/O/K/Z']",,,,,,,,,133742..133897,,,,,,,,,,,,,,,,,,,,,,79269..80072,,73494..74226,,,,,,,,,,,78155..79014,,,,,,,,,,,,,,,80133..80948,,,,,
tig00000011,ESBL18,tig00000011 len=71652 reads=112 covStat=426.92 gappedBases=no class=contig suggestRepeat=no suggestCircular=no,plasmid,P_2,True,True,False,72191,"['IncX1', 'IncX3', 'blaTEM-52B']",,,,,,,,,,,,,,,,,,,,,33566..33939,34582..34923,,,,,,,,,,,,,,,,,,,,,,,61278..62138,,,,,,,,,,,,,,,,,,,
tig00000010,ESBL18,tig00000010 len=65631 reads=538 covStat=156.11 gappedBases=no class=contig suggestRepeat=no suggestCircular=yes,plasmid,P_3,False,False,True,66152,[],,,,,,,,,,,,,,,,,,,,,,,,,,,,,,,,,,,,,,,,,,,,,,,,,,,,,,,,,,,,,,,,
tig00000004,ESBL18,tig00000004 len=12994 reads=148 covStat=5.40 gappedBases=no class=contig suggestRepeat=no suggestCircular=yes,plasmid,P_4,True,False,True,13111,['ColRNAI'],,,,,,,,10477..10607,,,,,,,,,,,,,,,,,,,,,,,,,,,,,,,,,,,,,,,,,,,,,,,,,,,,,,,,
tig00000003,ESBL18,tig00000003 len=10978 reads=145 covStat=-10.74 gappedBases=no class=contig suggestRepeat=no suggestCircular=yes,plasmid,P_5,True,False,True,11096,['ColRNAI'],,,,,,,,7701..7820,,,,,,,,,,,,,,,,,,,,,,,,,,,,,,,,,,,,,,,,,,,,,,,,,,,,,,,,
tig00000009,ESBL18,tig00000009 len=7388 reads=37 covStat=30.45 gappedBases=no class=contig suggestRepeat=no suggestCircular=yes,plasmid,P_6,True,False,True,7485,['ColRNAI'],,,,,,,,5944..6074,,,,,,,,,,,,,,,,,,,,,,,,,,,,,,,,,,,,,,,,,,,,,,,,,,,,,,,,
tig00000005,ESBL18,tig00000005 len=4069 reads=108 covStat=-47.03 gappedBases=no class=contig suggestRepeat=no suggestCircular=yes,plasmid,P_7,True,False,True,4137,['Col(MG828)'],,,,2516..2775,,,,,,,,,,,,,,,,,,,,,,,,,,,,,,,,,,,,,,,,,,,,,,,,,,,,,,,,,,,,
tig00000006,ESBL18,tig00000006 len=2764 reads=49 covStat=-18.69 gappedBases=no class=contig suggestRepeat=no suggestCircular=yes,plasmid,P_8,True,False,True,2788,['Col(MG828)'],,,,518..775,,,,,,,,,,,,,,,,,,,,,,,,,,,,,,,,,,,,,,,,,,,,,,,,,,,,,,,,,,,,
tig00000001,ESBL06,tig00000001 len=4880778 reads=9027 covStat=16744.16 gappedBases=no class=contig suggestRepeat=no suggestCircular=no,chromosome,C_0,False,True,False,4920203,"['mdf(A)', 'tet(34)']",,,,,,,,,,,,,,,,,,,,,,,,,,,,,,,,,,,,,,,,,,,,,,,,,,,,,,2096067..2097299,,,,,,,2721258..2721613,,,
tig00000208,ESBL06,tig00000208 len=112987 reads=73 covStat=447.21 gappedBases=no class=contig suggestRepeat=no suggestCircular=yes,plasmid,P_0,True,False,True,114728,['IncFIB(pKPHS1)'],,,,,,,,,,,,,31019..31578,,,,,,,,,,,,,,,,,,,,,,,,,,,,,,,,,,,,,,,,,,,,,,,,,,,
tig00000202,ESBL06,tig00000202 len=106460 reads=106 covStat=411.92 gappedBases=no class=contig suggestRepeat=no suggestCircular=yes,plasmid,P_1,True,True,True,107878,"['blaCTX-M-1', 'IncI1']",,,,,,,,,,,,,,,,,,85596..85737,,,,,,,,,,,,,,,,91022..91897,,,,,,,,,,,,,,,,,,,,,,,,,,,,,,
tig00000211,ESBL06,tig00000211 len=70754 reads=70 covStat=246.24 gappedBases=no class=contig suggestRepeat=no suggestCircular=yes,plasmid,P_2,True,True,True,71629,"['IncX1', ""ant(3'')-Ia"", 'IncX3', 'lnu(F)', 'blaTEM-1B']",,,,,,,,,,,,,,,,,,,,,49874..50247,48038..48382,,,,,,,,69029..69836,,,,,,,,,,,,,62955..63815,,,,,,,,,,68079..68897,,,,,,,,,,,
tig00000217,ESBL06,tig00000217 len=42363 reads=18 covStat=152.36 gappedBases=no class=contig suggestRepeat=no suggestCircular=no,plasmid,P_3,True,True,False,43073,"['mef(B)', 'IncR', 'aadA8b', ""ant(3'')-Ia"", 'dfrA12', 'sul3', 'blaTEM-1B', 'cmlA1', 'IncN']",,,,,,,,,,,,,,,,,,,20498..20635,12308..12558,,,,,,,,,35704..36495,38099..38900,,,,,,,,,,,,,24909..25769,,,,36757..38016,,34799..35296,,,,,,4142..4404,,,,,40572..41349,,,,
tig00000001,ESBL07,tig00000001 len=5308221 reads=11107 covStat=21704.09 gappedBases=no class=contig suggestRepeat=no suggestCircular=no,chromosome,C_0,False,True,False,5353451,"['catB3', 'mdf(A)', ""aac(6')-Ib-cr"", 'blaCTX-M-15', 'aac(3)-IIa', 'blaOXA-1']",,,,,,,,,,,,,,,,,,,,,,,,4089876..4090736,,4093139..4093738,,,,,,,,,,,,4011540..4012415,,,,4092179..4093008,,,,4091597..4092041,,,,,,,,2443330..2444562,,,,,,,,,,
tig00000155,ESBL07,tig00000155 len=157432 reads=256 covStat=614.42 gappedBases=no class=contig suggestRepeat=no suggestCircular=no,plasmid,P_0,True,False,False,159216,"['IncFIB(AP001918)', 'IncFIA', 'IncFIC(FII)']",,,,,,,,,,105765..106148,92380..93061,,,56789..57087,,,,,,,,,,,,,,,,,,,,,,,,,,,,,,,,,,,,,,,,,,,,,,,,,,
tig00000160,ESBL07,tig00000160 len=125173 reads=250 covStat=417.18 gappedBases=no class=contig suggestRepeat=no suggestCircular=yes,plasmid,P_1,True,True,True,126666,"['tet(B)', 'IncFIC(FII)']",,,,,,,,,,,,,,115693..115990,,,,,,,,,,,,,,,,,,,,,,,,,,,,,,,,,,,,,,,,,,,,,,,,,84682..85878,
