,sample,header,label,name,replicon,resistance,circular,len,genes,ARR-3,Col(BS512),Col(KPHS6),Col(MG828),Col(MGD2),Col156,Col8282,ColRNAI,IncB/O/K/Z,IncFIA,IncFIB(AP001918),IncFIB(pHCM2),IncFIC(FII),IncFII,IncFII(29),IncFII(pRSB107),IncI1,IncN,IncR,IncX1,IncX3,IncX4,aac(3)-IIa,aac(3)-IId,aac(6')-Ib-cr,aadA1,aadA5,aadA8b,ant(3'')-Ia,aph(3'')-Ib,aph(3')-Ia,aph(6)-Id,blaCTX-M-1,blaCTX-M-104,blaCTX-M-138,blaCTX-M-14,blaCTX-M-14b,blaCTX-M-15,blaCTX-M-27,blaCTX-M-3,blaCTX-M-8,blaOXA-1,blaTEM-1B,blaTEM-1C,blaTEM-52B,catB3,cmlA1,dfrA1,dfrA12,dfrA14,dfrA17,erm(B),lnu(F),mdf(A),mef(B),mph(A),p0111,sul1,sul2,sul3,tet(34),tet(A),tet(B),tet(D)
tig00000001,ESBL08,tig00000001 len=5257844 reads=9993 covStat=14334.50 gappedBases=no class=contig suggestRepeat=no suggestCircular=yes,chromosome,C_0,False,True,True,5257844,"['catB3', 'mdf(A)', ""aac(6')-Ib-cr"", 'blaCTX-M-15', 'aac(3)-IIa', 'blaOXA-1']",,,,,,,,,,,,,,,,,,,,,,,4871655..4872509,,4868681..4869274,,,,,,,,,,,,,4949343..4950213,,,,4869406..4870227,,,,4870356..4870797,,,,,,,,1285525..1286747,,,,,,,,,,
tig00014487,ESBL08,tig00014487 len=262122 reads=271 covStat=806.08 gappedBases=no class=contig suggestRepeat=no suggestCircular=no,plasmid,P_0,True,True,False,262122,"['tet(B)', 'IncFIB(AP001918)', 'IncFIA', 'IncFIC(FII)']",,,,,,,,,,121070..121447,107822..108492,,182106..182400,,,,,,,,,,,,,,,,,,,,,,,,,,,,,,,,,,,,,,,,,,,,,,,,,,211869..213067,
tig00014488,ESBL08,tig00014488 len=56772 reads=1 covStat=0.00 gappedBases=no class=contig suggestRepeat=no suggestCircular=no,misc,M_0,False,True,False,56772,['tet(B)'],,,,,,,,,,,,,,,,,,,,,,,,,,,,,,,,,,,,,,,,,,,,,,,,,,,,,,,,,,,,,,,5702..6898,
tig00014486,ESBL08,tig00014486 len=31935 reads=19 covStat=74.39 gappedBases=no class=contig suggestRepeat=no suggestCircular=no,misc,M_1,False,False,False,31935,[],,,,,,,,,,,,,,,,,,,,,,,,,,,,,,,,,,,,,,,,,,,,,,,,,,,,,,,,,,,,,,,,
tig00014485,ESBL08,tig00014485 len=18611 reads=1 covStat=0.00 gappedBases=no class=contig suggestRepeat=no suggestCircular=no,misc,M_2,False,False,False,18611,[],,,,,,,,,,,,,,,,,,,,,,,,,,,,,,,,,,,,,,,,,,,,,,,,,,,,,,,,,,,,,,,,
tig00000267,ESBL08,tig00000267 len=10087 reads=3 covStat=7.60 gappedBases=no class=contig suggestRepeat=no suggestCircular=no,misc,M_3,False,False,False,10087,[],,,,,,,,,,,,,,,,,,,,,,,,,,,,,,,,,,,,,,,,,,,,,,,,,,,,,,,,,,,,,,,,
tig00000001,ESBL09,tig00000001 len=5273385 reads=9001 covStat=14827.06 gappedBases=no class=contig suggestRepeat=no suggestCircular=yes,chromosome,C_0,False,True,True,5273385,"['blaCTX-M-3', 'mdf(A)', 'tet(34)']",,,,,,,,,,,,,,,,,,,,,,,,,,,,,,,,,,,,,,,,1647537..1648406,,,,,,,,,,,,,,1894250..1895469,,,,,,,2537132..2537485,,,
tig00000197,ESBL09,tig00000197 len=144736 reads=125 covStat=462.26 gappedBases=no class=contig suggestRepeat=no suggestCircular=yes,plasmid,P_0,True,True,True,144736,"['blaTEM-1B', 'IncFIB(AP001918)', 'IncFII(29)', 'Col156']",,,,,,72332..72472,,,,,49139..49808,,,,95455..95705,,,,,,,,,,,,,,,,,,,,,,,,,,,,89671..90522,,,,,,,,,,,,,,,,,,,,,
tig00000202,ESBL09,tig00000202 len=101144 reads=110 covStat=304.94 gappedBases=no class=contig suggestRepeat=no suggestCircular=yes,plasmid,P_1,True,True,True,101144,"['blaCTX-M-15', 'blaTEM-1B', 'IncI1']",,,,,,,,,,,,,,,,,5339..5478,,,,,,,,,,,,,,,,,,,,,85115..85983,,,,,81471..82325,,,,,,,,,,,,,,,,,,,,,
tig00015353,ESBL09,tig00015353 len=7172 reads=31 covStat=-2.84 gappedBases=no class=contig suggestRepeat=no suggestCircular=yes,plasmid,P_2,True,False,True,7172,['ColRNAI'],,,,,,,,6492..6621,,,,,,,,,,,,,,,,,,,,,,,,,,,,,,,,,,,,,,,,,,,,,,,,,,,,,,,,
tig00015352,ESBL09,tig00015352 len=4458 reads=1 covStat=0.00 gappedBases=no class=contig suggestRepeat=no suggestCircular=no,plasmid,P_3,True,False,False,4458,['ColRNAI'],,,,,,,,2507..2636,,,,,,,,,,,,,,,,,,,,,,,,,,,,,,,,,,,,,,,,,,,,,,,,,,,,,,,,
tig00000196,ESBL09,tig00000196 len=4138 reads=46 covStat=-21.13 gappedBases=no class=contig suggestRepeat=no suggestCircular=no,plasmid,P_4,True,False,False,4138,['Col(BS512)'],,2942..3132,,,,,,,,,,,,,,,,,,,,,,,,,,,,,,,,,,,,,,,,,,,,,,,,,,,,,,,,,,,,,,
tig00000199,ESBL09,tig00000199 len=2938 reads=31 covStat=-13.95 gappedBases=no class=contig suggestRepeat=no suggestCircular=yes,plasmid,P_5,True,False,True,2938,['Col(MG828)'],,,,1630..1884,,,,,,,,,,,,,,,,,,,,,,,,,,,,,,,,,,,,,,,,,,,,,,,,,,,,,,,,,,,,
tig00000198,ESBL09,tig00000198 len=2891 reads=27 covStat=-12.39 gappedBases=no class=contig suggestRepeat=no suggestCircular=yes,plasmid,P_6,True,False,True,2891,['Col(MG828)'],,,,2340..2594,,,,,,,,,,,,,,,,,,,,,,,,,,,,,,,,,,,,,,,,,,,,,,,,,,,,,,,,,,,,
tig00000214,ESBL09,tig00000214 len=6542 reads=3 covStat=2.61 gappedBases=no class=contig suggestRepeat=no suggestCircular=no,misc,M_0,False,False,False,6542,[],,,,,,,,,,,,,,,,,,,,,,,,,,,,,,,,,,,,,,,,,,,,,,,,,,,,,,,,,,,,,,,,
tig00000001,ESBL26,tig00000001 len=5058867 reads=30691 covStat=24951.65 gappedBases=no class=contig suggestRepeat=no suggestCircular=yes,chromosome,C_0,False,True,True,5058867,['mdf(A)'],,,,,,,,,,,,,,,,,,,,,,,,,,,,,,,,,,,,,,,,,,,,,,,,,,,,,,1449581..1450802,,,,,,,,,,
tig00000008,ESBL26,tig00000008 len=171216 reads=428 covStat=1073.58 gappedBases=no class=contig suggestRepeat=no suggestCircular=yes,plasmid,P_0,True,True,True,171216,"[""ant(3'')-Ia"", 'IncFIC(FII)', 'dfrA14', 'mph(A)', 'blaCTX-M-14', 'IncFIB(AP001918)', 'tet(B)', 'IncFIA']",,,,,,,,,,133796..134176,117849..118520,,68762..69056,,,,,,,,,,,,,,,,84939..85104,,,,,,,63823..64692,,,,,,,,,,,,,,85110..85582,,,,,,80295..81213,,,,,,,93269..94462,
tig00000011,ESBL26,tig00000011 len=133652 reads=124 covStat=1081.93 gappedBases=no class=contig suggestRepeat=no suggestCircular=yes,plasmid,P_1,True,False,True,133652,['p0111'],,,,,,,,,,,,,,,,,,,,,,,,,,,,,,,,,,,,,,,,,,,,,,,,,,,,,,,,,52131..53004,,,,,,,
tig00000010,ESBL26,tig00000010 len=119676 reads=186 covStat=828.99 gappedBases=no class=contig suggestRepeat=no suggestCircular=yes,plasmid,P_2,True,False,True,119676,['IncB/O/K/Z'],,,,,,,,,103535..103685,,,,,,,,,,,,,,,,,,,,,,,,,,,,,,,,,,,,,,,,,,,,,,,,,,,,,,,
tig00000003,ESBL26,tig00000003 len=22456 reads=174 covStat=59.31 gappedBases=no class=contig suggestRepeat=no suggestCircular=no,plasmid,P_3,True,False,False,22456,['ColRNAI'],,,,,,,,20641..20759,,,,,,,,,,,,,,,,,,,,,,,,,,,,,,,,,,,,,,,,,,,,,,,,,,,,,,,,
tig00000004,ESBL26,tig00000004 len=14187 reads=109 covStat=29.93 gappedBases=no class=contig suggestRepeat=no suggestCircular=yes,plasmid,P_4,True,False,True,14187,['Col156'],,,,,,12647..12800,,,,,,,,,,,,,,,,,,,,,,,,,,,,,,,,,,,,,,,,,,,,,,,,,,,,,,,,,,
tig00000005,ESBL26,tig00000005 len=7661 reads=63 covStat=11.60 gappedBases=no class=contig suggestRepeat=no suggestCircular=yes,plasmid,P_5,True,False,True,7661,['Col8282'],,,,,,,5642..5846,,,,,,,,,,,,,,,,,,,,,,,,,,,,,,,,,,,,,,,,,,,,,,,,,,,,,,,,,
tig00000009,ESBL26,tig00000009 len=3023 reads=29 covStat=-5.18 gappedBases=no class=contig suggestRepeat=no suggestCircular=yes,plasmid,P_6,True,False,True,3023,['Col(MG828)'],,,,1443..1703,,,,,,,,,,,,,,,,,,,,,,,,,,,,,,,,,,,,,,,,,,,,,,,,,,,,,,,,,,,,
tig00000001,ESBL01,tig00000001 len=5052274 reads=14467 covStat=30504.06 gappedBases=no class=contig suggestRepeat=no suggestCircular=yes,chromosome,C_0,False,True,True,5052274,['mdf(A)'],,,,,,,,,,,,,,,,,,,,,,,,,,,,,,,,,,,,,,,,,,,,,,,,,,,,,,2360314..2361536,,,,,,,,,,
tig00000131,ESBL01,tig00000131 len=177888 reads=364 covStat=1049.32 gappedBases=no class=contig suggestRepeat=no suggestCircular=yes,plasmid,P_0,True,False,True,177888,"['IncFIB(AP001918)', 'IncFIA', 'IncFIC(FII)']",,,,,,,,,,152440..152814,121826..122493,,53435..53922,,,,,,,,,,,,,,,,,,,,,,,,,,,,,,,,,,,,,,,,,,,,,,,,,,,
tig00000132,ESBL01,tig00000132 len=131269 reads=270 covStat=750.22 gappedBases=no class=contig suggestRepeat=no suggestCircular=yes,plasmid,P_1,True,True,True,131269,"[""ant(3'')-Ia"", 'blaCTX-M-138', 'aadA5', 'dfrA17', 'sul2', 'blaCTX-M-1', 'IncI1']",,,,,,,,,,,,,,,,,39379..39518,,,,,,,,,,48597..49381,,47819..47983,,,,20941..21803,,130571..131269,,,,,,,,,,,,,,,,48001..48468,,,,,,,,51757..52560,,,,,
tig00000142,ESBL01,tig00000142 len=117012 reads=150 covStat=751.62 gappedBases=no class=contig suggestRepeat=no suggestCircular=yes,plasmid,P_2,True,False,True,117012,['IncFIC(FII)'],,,,,,,,,,,,,109995..110258,,,,,,,,,,,,,,,,,,,,,,,,,,,,,,,,,,,,,,,,,,,,,,,,,,,
tig00000123,ESBL01,tig00000123 len=13522 reads=102 covStat=-5.22 gappedBases=no class=contig suggestRepeat=no suggestCircular=yes,plasmid,P_3,True,False,True,13522,['ColRNAI'],,,,,,,,11067..11195,,,,,,,,,,,,,,,,,,,,,,,,,,,,,,,,,,,,,,,,,,,,,,,,,,,,,,,,
tig00025821,ESBL01,tig00025821 len=51287 reads=1 covStat=0.00 gappedBases=no class=contig suggestRepeat=no suggestCircular=no,misc,M_0,False,False,False,51287,[],,,,,,,,,,,,,,,,,,,,,,,,,,,,,,,,,,,,,,,,,,,,,,,,,,,,,,,,,,,,,,,,
tig00025818,ESBL01,tig00025818 len=48742 reads=1 covStat=0.00 gappedBases=no class=contig suggestRepeat=no suggestCircular=no,misc,M_1,False,False,False,48742,[],,,,,,,,,,,,,,,,,,,,,,,,,,,,,,,,,,,,,,,,,,,,,,,,,,,,,,,,,,,,,,,,
tig00025822,ESBL01,tig00025822 len=42172 reads=108 covStat=193.92 gappedBases=no class=contig suggestRepeat=no suggestCircular=no,misc,M_2,False,False,False,42172,[],,,,,,,,,,,,,,,,,,,,,,,,,,,,,,,,,,,,,,,,,,,,,,,,,,,,,,,,,,,,,,,,
tig00025823,ESBL01,tig00025823 len=2554 reads=1 covStat=0.00 gappedBases=no class=contig suggestRepeat=no suggestCircular=no,misc,M_3,False,False,False,2554,[],,,,,,,,,,,,,,,,,,,,,,,,,,,,,,,,,,,,,,,,,,,,,,,,,,,,,,,,,,,,,,,,
tig00000001,ESBL02,tig00000001 len=819484 reads=751 covStat=226.30 gappedBases=no class=contig suggestRepeat=no suggestCircular=no,misc,M_0,False,False,False,819484,[],,,,,,,,,,,,,,,,,,,,,,,,,,,,,,,,,,,,,,,,,,,,,,,,,,,,,,,,,,,,,,,,
tig00000009,ESBL02,tig00000009 len=463525 reads=351 covStat=173.45 gappedBases=no class=contig suggestRepeat=no suggestCircular=no,misc,M_1,False,False,False,463525,[],,,,,,,,,,,,,,,,,,,,,,,,,,,,,,,,,,,,,,,,,,,,,,,,,,,,,,,,,,,,,,,,
tig00000018,ESBL02,tig00000018 len=411556 reads=357 covStat=123.56 gappedBases=no class=contig suggestRepeat=no suggestCircular=no,misc,M_2,False,False,False,411556,[],,,,,,,,,,,,,,,,,,,,,,,,,,,,,,,,,,,,,,,,,,,,,,,,,,,,,,,,,,,,,,,,
tig00000006,ESBL02,tig00000006 len=406046 reads=322 covStat=150.48 gappedBases=no class=contig suggestRepeat=no suggestCircular=no,misc,M_3,False,False,False,406046,[],,,,,,,,,,,,,,,,,,,,,,,,,,,,,,,,,,,,,,,,,,,,,,,,,,,,,,,,,,,,,,,,
tig00000012,ESBL02,tig00000012 len=391714 reads=331 covStat=122.11 gappedBases=no class=contig suggestRepeat=no suggestCircular=no,misc,M_4,False,False,False,391714,[],,,,,,,,,,,,,,,,,,,,,,,,,,,,,,,,,,,,,,,,,,,,,,,,,,,,,,,,,,,,,,,,
tig00000038,ESBL02,tig00000038 len=267309 reads=158 covStat=133.62 gappedBases=no class=contig suggestRepeat=no suggestCircular=no,misc,M_5,False,False,False,267309,[],,,,,,,,,,,,,,,,,,,,,,,,,,,,,,,,,,,,,,,,,,,,,,,,,,,,,,,,,,,,,,,,
tig00000043,ESBL02,tig00000043 len=246029 reads=185 covStat=91.99 gappedBases=no class=contig suggestRepeat=no suggestCircular=no,misc,M_6,False,False,False,246029,[],,,,,,,,,,,,,,,,,,,,,,,,,,,,,,,,,,,,,,,,,,,,,,,,,,,,,,,,,,,,,,,,
tig00000025,ESBL02,tig00000025 len=231171 reads=148 covStat=108.04 gappedBases=no class=contig suggestRepeat=no suggestCircular=no,misc,M_7,False,False,False,231171,[],,,,,,,,,,,,,,,,,,,,,,,,,,,,,,,,,,,,,,,,,,,,,,,,,,,,,,,,,,,,,,,,
tig00000030,ESBL02,tig00000030 len=183130 reads=119 covStat=79.42 gappedBases=no class=contig suggestRepeat=no suggestCircular=no,misc,M_8,False,False,False,183130,[],,,,,,,,,,,,,,,,,,,,,,,,,,,,,,,,,,,,,,,,,,,,,,,,,,,,,,,,,,,,,,,,
tig00000050,ESBL02,tig00000050 len=155497 reads=89 covStat=78.86 gappedBases=no class=contig suggestRepeat=no suggestCircular=no,misc,M_9,False,True,False,155497,['mdf(A)'],,,,,,,,,,,,,,,,,,,,,,,,,,,,,,,,,,,,,,,,,,,,,,,,,,,,,,39341..40564,,,,,,,,,,
tig00000049,ESBL02,tig00000049 len=152920 reads=104 covStat=63.32 gappedBases=no class=contig suggestRepeat=no suggestCircular=no,misc,M_10,False,False,False,152920,[],,,,,,,,,,,,,,,,,,,,,,,,,,,,,,,,,,,,,,,,,,,,,,,,,,,,,,,,,,,,,,,,
tig00000054,ESBL02,tig00000054 len=148995 reads=92 covStat=63.31 gappedBases=no class=contig suggestRepeat=no suggestCircular=no,misc,M_11,False,False,False,148995,[],,,,,,,,,,,,,,,,,,,,,,,,,,,,,,,,,,,,,,,,,,,,,,,,,,,,,,,,,,,,,,,,
tig00000057,ESBL02,tig00000057 len=148084 reads=91 covStat=69.54 gappedBases=no class=contig suggestRepeat=no suggestCircular=no,misc,M_12,False,False,False,148084,[],,,,,,,,,,,,,,,,,,,,,,,,,,,,,,,,,,,,,,,,,,,,,,,,,,,,,,,,,,,,,,,,
tig00000031,ESBL02,tig00000031 len=143209 reads=101 covStat=54.85 gappedBases=no class=contig suggestRepeat=no suggestCircular=no,misc,M_13,False,False,False,143209,[],,,,,,,,,,,,,,,,,,,,,,,,,,,,,,,,,,,,,,,,,,,,,,,,,,,,,,,,,,,,,,,,
tig00000071,ESBL02,tig00000071 len=110314 reads=70 covStat=44.70 gappedBases=no class=contig suggestRepeat=no suggestCircular=no,misc,M_14,False,False,False,110314,[],,,,,,,,,,,,,,,,,,,,,,,,,,,,,,,,,,,,,,,,,,,,,,,,,,,,,,,,,,,,,,,,
tig00001424,ESBL02,tig00001424 len=99995 reads=90 covStat=25.21 gappedBases=no class=contig suggestRepeat=no suggestCircular=no,misc,M_15,False,False,False,99995,[],,,,,,,,,,,,,,,,,,,,,,,,,,,,,,,,,,,,,,,,,,,,,,,,,,,,,,,,,,,,,,,,
tig00000078,ESBL02,tig00000078 len=64652 reads=29 covStat=29.19 gappedBases=no class=contig suggestRepeat=no suggestCircular=no,misc,M_16,False,False,False,64652,[],,,,,,,,,,,,,,,,,,,,,,,,,,,,,,,,,,,,,,,,,,,,,,,,,,,,,,,,,,,,,,,,
tig00000084,ESBL02,tig00000084 len=59565 reads=38 covStat=15.95 gappedBases=no class=contig suggestRepeat=no suggestCircular=no,misc,M_17,False,False,False,59565,[],,,,,,,,,,,,,,,,,,,,,,,,,,,,,,,,,,,,,,,,,,,,,,,,,,,,,,,,,,,,,,,,
tig00000082,ESBL02,tig00000082 len=47160 reads=27 covStat=16.11 gappedBases=no class=contig suggestRepeat=no suggestCircular=no,misc,M_18,False,False,False,47160,[],,,,,,,,,,,,,,,,,,,,,,,,,,,,,,,,,,,,,,,,,,,,,,,,,,,,,,,,,,,,,,,,
tig00000088,ESBL02,tig00000088 len=40745 reads=21 covStat=15.02 gappedBases=no class=contig suggestRepeat=no suggestCircular=no,misc,M_19,False,False,False,40745,[],,,,,,,,,,,,,,,,,,,,,,,,,,,,,,,,,,,,,,,,,,,,,,,,,,,,,,,,,,,,,,,,
tig00001425,ESBL02,tig00001425 len=31304 reads=1 covStat=0.00 gappedBases=no class=contig suggestRepeat=no suggestCircular=no,misc,M_20,False,False,False,31304,[],,,,,,,,,,,,,,,,,,,,,,,,,,,,,,,,,,,,,,,,,,,,,,,,,,,,,,,,,,,,,,,,
tig00000101,ESBL02,tig00000101 len=28062 reads=13 covStat=14.24 gappedBases=no class=contig suggestRepeat=no suggestCircular=no,misc,M_21,False,False,False,28062,[],,,,,,,,,,,,,,,,,,,,,,,,,,,,,,,,,,,,,,,,,,,,,,,,,,,,,,,,,,,,,,,,
tig00000094,ESBL02,tig00000094 len=26227 reads=23 covStat=4.76 gappedBases=no class=contig suggestRepeat=no suggestCircular=no,misc,M_22,False,False,False,26227,[],,,,,,,,,,,,,,,,,,,,,,,,,,,,,,,,,,,,,,,,,,,,,,,,,,,,,,,,,,,,,,,,
tig00000001,ESBL03,tig00000001 len=5261389 reads=34919 covStat=31647.52 gappedBases=no class=contig suggestRepeat=no suggestCircular=yes,chromosome,C_0,False,True,True,5261389,"['blaCTX-M-15', ""aac(6')-Ib-cr"", 'catB3', 'mdf(A)', 'blaOXA-1']",,,,,,,,,,,,,,,,,,,,,,,,,5106117..5106712,,,,,,,,,,,,,5128213..5129083,,,,5106842..5107661,,,,5107790..5108226,,,,,,,,3562841..3564060,,,,,,,,,,
tig00000006,ESBL03,tig00000006 len=160860 reads=229 covStat=1294.69 gappedBases=no class=contig suggestRepeat=no suggestCircular=yes,plasmid,P_0,True,False,True,160860,"['IncFIB(AP001918)', 'IncFIA', 'IncFIC(FII)']",,,,,,,,,,156691..157067,49140..49809,,94306..94797,,,,,,,,,,,,,,,,,,,,,,,,,,,,,,,,,,,,,,,,,,,,,,,,,,,
tig00000001,ESBL22,tig00000001 len=4965204 reads=12546 covStat=31555.51 gappedBases=no class=contig suggestRepeat=no suggestCircular=yes,chromosome,C_0,False,True,True,4965204,['mdf(A)'],,,,,,,,,,,,,,,,,,,,,,,,,,,,,,,,,,,,,,,,,,,,,,,,,,,,,,3416166..3417389,,,,,,,,,,
tig00000048,ESBL22,tig00000048 len=166358 reads=227 covStat=1031.06 gappedBases=no class=contig suggestRepeat=no suggestCircular=yes,plasmid,P_0,True,True,True,166358,"[""ant(3'')-Ia"", 'dfrA17', ""aph(3'')-Ib"", 'aadA5', 'aph(6)-Id', 'Col156', 'sul1', 'sul2', 'IncFIB(AP001918)', 'tet(A)', 'blaCTX-M-27', 'IncFII(pRSB107)', 'IncFIA', 'mph(A)']",,,,,,133806..133947,,,,89649..90029,110553..111225,,,,,42626..42882,,,,,,,,,,,153789..154572,,153013..153177,30955..31750,,165110..165940,,,,,,,36376..37243,,,,,,,,,,,,153195..153660,,,,,161181..162098,,155086..155944,163449..164256,,,33547..34781,,
tig00000047,ESBL22,tig00000047 len=10181 reads=114 covStat=-25.50 gappedBases=no class=contig suggestRepeat=no suggestCircular=yes,plasmid,P_1,True,False,True,10181,['Col156'],,,,,,5355..5508,,,,,,,,,,,,,,,,,,,,,,,,,,,,,,,,,,,,,,,,,,,,,,,,,,,,,,,,,,
tig00000001,ESBL05,tig00000001 len=4950193 reads=31947 covStat=26496.22 gappedBases=no class=contig suggestRepeat=no suggestCircular=yes,chromosome,C_0,False,True,True,4950193,"['mdf(A)', 'tet(34)']",,,,,,,,,,,,,,,,,,,,,,,,,,,,,,,,,,,,,,,,,,,,,,,,,,,,,,4537379..4538601,,,,,,,3918532..3918885,,,
tig00000004,ESBL05,tig00000004 len=133899 reads=148 covStat=1064.67 gappedBases=no class=contig suggestRepeat=no suggestCircular=yes,plasmid,P_0,False,False,True,133899,[],,,,,,,,,,,,,,,,,,,,,,,,,,,,,,,,,,,,,,,,,,,,,,,,,,,,,,,,,,,,,,,,
tig00000005,ESBL05,tig00000005 len=124048 reads=161 covStat=1006.21 gappedBases=no class=contig suggestRepeat=no suggestCircular=yes,plasmid,P_1,True,True,True,124048,"['blaCTX-M-1', 'IncI1']",,,,,,,,,,,,,,,,,41652..41790,,,,,,,,,,,,,,,,35559..36427,,,,,,,,,,,,,,,,,,,,,,,,,,,,,,,
tig00000006,ESBL05,tig00000006 len=86644 reads=72 covStat=663.08 gappedBases=no class=contig suggestRepeat=no suggestCircular=no,plasmid,P_2,True,True,False,86644,"['IncX1', ""ant(3'')-Ia"", 'IncX3', 'lnu(F)', 'blaTEM-1B']",,,,,,,,,,,,,,,,,,,,81129..81495,82983..83324,,,,,,,,65259..66052,,,,,,,,,,,,,,67702..68558,,,,,,,,,,62611..63426,,,,,,,,,,,
tig00017325,ESBL05,tig00017325 len=51931 reads=45 covStat=350.22 gappedBases=no class=contig suggestRepeat=no suggestCircular=no,plasmid,P_3,True,True,False,51931,"['mef(B)', 'IncR', 'aadA8b', ""ant(3'')-Ia"", 'dfrA12', 'sul3', 'blaTEM-1B', 'cmlA1', 'IncN']",,,,,,,,,,,,,,,,,,17264..17401,47648..47895,,,,,,,,,32273..33048,34637..35431,,,,,,,,,,,,,,21602..22456,,,,33307..34557,,31382..31871,,,,,,39611..39869,,,,,37094..37875,,,,
tig00017324,ESBL05,tig00017324 len=50134 reads=1 covStat=0.00 gappedBases=no class=contig suggestRepeat=no suggestCircular=no,plasmid,P_4,True,True,False,50134,"[""ant(3'')-Ia"", 'aadA1', 'IncX1', 'IncX3', 'lnu(F)', 'blaTEM-1B']",,,,,,,,,,,,,,,,,,,,162..525,1997..2332,,,,,33659..34164,,,35149..35924,,,,,,,,,,,,,,37536..38368,,,,,,,,,,32621..33419,,,,,,,,,,,
tig00017323,ESBL05,tig00017323 len=40081 reads=25 covStat=308.73 gappedBases=no class=contig suggestRepeat=no suggestCircular=no,plasmid,P_5,True,True,False,40081,"['IncX1', 'aadA1', 'IncX3', 'lnu(F)', ""ant(3'')-Ia""]",,,,,,,,,,,,,,,,,,,,4289..4654,6154..6482,,,,,36051..36773,,,39509..40081,,,,,,,,,,,,,,,,,,,,,,,,36896..37700,,,,,,,,,,,
tig00017326,ESBL05,tig00017326 len=37861 reads=1 covStat=0.00 gappedBases=no class=contig suggestRepeat=no suggestCircular=no,plasmid,P_6,True,True,False,37861,"['mef(B)', 'IncR', 'aadA8b', ""ant(3'')-Ia"", 'dfrA12', 'sul3', 'blaTEM-1B', 'cmlA1', 'IncN']",,,,,,,,,,,,,,,,,,3406..3541,33369..33608,,,,,,,,,18204..18974,20541..21337,,,,,,,,,,,,,,7669..8516,,,,19227..20462,,17320..17807,,,,,,25480..25734,,,,,22980..23758,,,,
tig00000001,ESBL20,tig00000001 len=5036964 reads=11646 covStat=21025.11 gappedBases=no class=contig suggestRepeat=no suggestCircular=yes,chromosome,C_0,False,True,True,5036964,['mdf(A)'],,,,,,,,,,,,,,,,,,,,,,,,,,,,,,,,,,,,,,,,,,,,,,,,,,,,,,4836395..4837615,,,,,,,,,,
tig00000118,ESBL20,tig00000118 len=179740 reads=177 covStat=781.13 gappedBases=no class=contig suggestRepeat=no suggestCircular=yes,plasmid,P_0,True,True,True,179740,"[""ant(3'')-Ia"", 'dfrA17', 'aadA5', 'aph(6)-Id', 'Col156', 'sul1', 'sul2', 'IncFIB(AP001918)', 'tet(A)', 'blaCTX-M-27', 'IncFII(pRSB107)', 'IncFIA', 'mph(A)']",,,,,,90931..91072,,,,52159..52539,67682..68354,,,,,152417..152674,,,,,,,,,,,174124..174908,,175519..175683,,,162737..163569,,,,,,,158074..158942,,,,,,,,,,,,175036..175501,,,,,166592..167508,,172746..173607,164427..165235,,,160535..161773,,
tig00000121,ESBL20,tig00000121 len=118446 reads=227 covStat=514.74 gappedBases=no class=contig suggestRepeat=no suggestCircular=yes,plasmid,P_1,True,False,True,118446,['IncI1'],,,,,,,,,,,,,,,,,104949..105088,,,,,,,,,,,,,,,,,,,,,,,,,,,,,,,,,,,,,,,,,,,,,,,
tig00000122,ESBL20,tig00000122 len=9676 reads=33 covStat=19.37 gappedBases=no class=contig suggestRepeat=no suggestCircular=yes,plasmid,P_2,True,False,True,9676,['Col156'],,,,,,1700..1853,,,,,,,,,,,,,,,,,,,,,,,,,,,,,,,,,,,,,,,,,,,,,,,,,,,,,,,,,,
tig00000117,ESBL20,tig00000117 len=2956 reads=36 covStat=-14.44 gappedBases=no class=contig suggestRepeat=no suggestCircular=yes,plasmid,P_3,True,False,True,2956,['Col(MG828)'],,,,2871..2954,,,,,,,,,,,,,,,,,,,,,,,,,,,,,,,,,,,,,,,,,,,,,,,,,,,,,,,,,,,,
tig00000001,ESBL21,tig00000001 len=4957118 reads=8530 covStat=19607.98 gappedBases=no class=contig suggestRepeat=no suggestCircular=yes,chromosome,C_0,False,True,True,4957118,['mdf(A)'],,,,,,,,,,,,,,,,,,,,,,,,,,,,,,,,,,,,,,,,,,,,,,,,,,,,,,823529..824750,,,,,,,,,,
tig00000341,ESBL21,tig00000341 len=166754 reads=189 covStat=658.18 gappedBases=no class=contig suggestRepeat=no suggestCircular=yes,plasmid,P_0,True,True,True,166754,"['IncI1', 'blaTEM-1B', 'IncFIB(AP001918)', 'blaCTX-M-8', 'aac(3)-IId', 'IncFIA', 'IncFII(pRSB107)']",,,,,,,,,,52974..53354,31771..32445,,,,,17467..17723,133159..133298,,,,,,,24675..25525,,,,,,,,,,,,,,,,,149960..150828,,22666..23516,,,,,,,,,,,,,,,,,,,,,
tig00000057,ESBL21,tig00000057 len=64638 reads=133 covStat=159.67 gappedBases=no class=contig suggestRepeat=no suggestCircular=no,plasmid,P_1,True,False,False,64638,['IncX4'],,,,,,,,,,,,,,,,,,,,,,54443..54812,,,,,,,,,,,,,,,,,,,,,,,,,,,,,,,,,,,,,,,,,,
tig00000055,ESBL21,tig00000055 len=56877 reads=115 covStat=71.55 gappedBases=no class=contig suggestRepeat=no suggestCircular=no,plasmid,P_2,True,False,False,56877,['IncX1'],,,,,,,,,,,,,,,,,,,,19056..19136,,,,,,,,,,,,,,,,,,,,,,,,,,,,,,,,,,,,,,,,,,,,
tig00000056,ESBL21,tig00000056 len=28945 reads=4 covStat=7.47 gappedBases=no class=contig suggestRepeat=no suggestCircular=no,plasmid,P_3,True,False,False,28945,['IncX1'],,,,,,,,,,,,,,,,,,,,6686..6766,,,,,,,,,,,,,,,,,,,,,,,,,,,,,,,,,,,,,,,,,,,,
tig00000044,ESBL21,tig00000044 len=16966 reads=409 covStat=-212.33 gappedBases=no class=contig suggestRepeat=no suggestCircular=no,plasmid,P_4,True,False,False,16966,['ColRNAI'],,,,,,,,13911..14038,,,,,,,,,,,,,,,,,,,,,,,,,,,,,,,,,,,,,,,,,,,,,,,,,,,,,,,,
tig00000047,ESBL21,tig00000047 len=12351 reads=573 covStat=-348.43 gappedBases=no class=contig suggestRepeat=no suggestCircular=yes,plasmid,P_5,True,False,True,12351,['Col156'],,,,,,7797..7950,,,,,,,,,,,,,,,,,,,,,,,,,,,,,,,,,,,,,,,,,,,,,,,,,,,,,,,,,,
tig00002385,ESBL21,tig00002385 len=9572 reads=730 covStat=-473.16 gappedBases=no class=contig suggestRepeat=no suggestCircular=no,plasmid,P_6,True,False,False,9572,['Col156'],,,,,,8678..8831,,,,,,,,,,,,,,,,,,,,,,,,,,,,,,,,,,,,,,,,,,,,,,,,,,,,,,,,,,
tig00002386,ESBL21,tig00002386 len=5612 reads=208 covStat=-121.39 gappedBases=no class=contig suggestRepeat=yes suggestCircular=no,plasmid,P_7,True,False,False,5612,['Col156'],,,,,,4110..4263,,,,,,,,,,,,,,,,,,,,,,,,,,,,,,,,,,,,,,,,,,,,,,,,,,,,,,,,,,
tig00000050,ESBL21,tig00000050 len=5276 reads=13 covStat=-1.24 gappedBases=no class=contig suggestRepeat=no suggestCircular=no,plasmid,P_8,True,False,False,5276,['Col156'],,,,,,1905..2058,,,,,,,,,,,,,,,,,,,,,,,,,,,,,,,,,,,,,,,,,,,,,,,,,,,,,,,,,,
tig00000049,ESBL21,tig00000049 len=5186 reads=10 covStat=-5.50 gappedBases=no class=contig suggestRepeat=no suggestCircular=no,plasmid,P_9,True,False,False,5186,['Col156'],,,,,,2000..2153,,,,,,,,,,,,,,,,,,,,,,,,,,,,,,,,,,,,,,,,,,,,,,,,,,,,,,,,,,
tig00000349,ESBL21,tig00000349 len=1877 reads=263 covStat=-178.45 gappedBases=no class=contig suggestRepeat=no suggestCircular=no,plasmid,P_10,True,False,False,1877,['Col(KPHS6)'],,,1577..1747,,,,,,,,,,,,,,,,,,,,,,,,,,,,,,,,,,,,,,,,,,,,,,,,,,,,,,,,,,,,,
tig00000373,ESBL21,tig00000373 len=1701 reads=64 covStat=-41.34 gappedBases=no class=contig suggestRepeat=no suggestCircular=no,plasmid,P_11,True,False,False,1701,['Col(KPHS6)'],,,772..943,,,,,,,,,,,,,,,,,,,,,,,,,,,,,,,,,,,,,,,,,,,,,,,,,,,,,,,,,,,,,
tig00000346,ESBL21,tig00000346 len=2295 reads=696 covStat=-476.19 gappedBases=no class=contig suggestRepeat=no suggestCircular=no,misc,M_0,False,False,False,2295,[],,,,,,,,,,,,,,,,,,,,,,,,,,,,,,,,,,,,,,,,,,,,,,,,,,,,,,,,,,,,,,,,
tig00000345,ESBL21,tig00000345 len=1896 reads=447 covStat=-306.02 gappedBases=no class=contig suggestRepeat=no suggestCircular=no,misc,M_1,False,False,False,1896,[],,,,,,,,,,,,,,,,,,,,,,,,,,,,,,,,,,,,,,,,,,,,,,,,,,,,,,,,,,,,,,,,
tig00000372,ESBL21,tig00000372 len=1562 reads=27 covStat=-16.69 gappedBases=no class=contig suggestRepeat=no suggestCircular=no,misc,M_2,False,False,False,1562,[],,,,,,,,,,,,,,,,,,,,,,,,,,,,,,,,,,,,,,,,,,,,,,,,,,,,,,,,,,,,,,,,
tig00000347,ESBL21,tig00000347 len=1419 reads=20 covStat=-12.89 gappedBases=no class=contig suggestRepeat=no suggestCircular=no,misc,M_3,False,False,False,1419,[],,,,,,,,,,,,,,,,,,,,,,,,,,,,,,,,,,,,,,,,,,,,,,,,,,,,,,,,,,,,,,,,
tig00000001,ESBL25,tig00000001 len=5064623 reads=29726 covStat=21514.02 gappedBases=no class=contig suggestRepeat=no suggestCircular=yes,chromosome,C_0,False,True,True,5064623,['mdf(A)'],,,,,,,,,,,,,,,,,,,,,,,,,,,,,,,,,,,,,,,,,,,,,,,,,,,,,,2823315..2824535,,,,,,,,,,
tig00000010,ESBL25,tig00000010 len=173032 reads=364 covStat=1041.75 gappedBases=no class=contig suggestRepeat=no suggestCircular=yes,plasmid,P_0,True,True,True,173032,"[""ant(3'')-Ia"", 'IncFIC(FII)', 'dfrA14', 'mph(A)', 'blaCTX-M-14', 'IncFIB(AP001918)', 'tet(B)', 'IncFIA']",,,,,,,,,,139299..139679,154947..155619,,75114..75406,,,,,,,,,,,,,,,,59101..59265,,,,,,,79469..80338,,,,,,,,,,,,,,58621..59095,,,,,,62981..63892,,,,,,,49737..50932,
tig00000011,ESBL25,tig00000011 len=116419 reads=136 covStat=794.31 gappedBases=no class=contig suggestRepeat=no suggestCircular=yes,plasmid,P_1,True,False,True,116419,['p0111'],,,,,,,,,,,,,,,,,,,,,,,,,,,,,,,,,,,,,,,,,,,,,,,,,,,,,,,,,81865..82747,,,,,,,
tig00000012,ESBL25,tig00000012 len=114530 reads=179 covStat=743.40 gappedBases=no class=contig suggestRepeat=no suggestCircular=yes,plasmid,P_2,True,False,True,114530,['IncB/O/K/Z'],,,,,,,,,113222..113373,,,,,,,,,,,,,,,,,,,,,,,,,,,,,,,,,,,,,,,,,,,,,,,,,,,,,,,
tig00000004,ESBL25,tig00000004 len=14509 reads=85 covStat=40.34 gappedBases=no class=contig suggestRepeat=no suggestCircular=no,plasmid,P_3,True,False,False,14509,['ColRNAI'],,,,,,,,13222..13351,,,,,,,,,,,,,,,,,,,,,,,,,,,,,,,,,,,,,,,,,,,,,,,,,,,,,,,,
tig00000005,ESBL25,tig00000005 len=14224 reads=106 covStat=25.01 gappedBases=no class=contig suggestRepeat=no suggestCircular=yes,plasmid,P_4,True,False,True,14224,['Col156'],,,,,,9543..9696,,,,,,,,,,,,,,,,,,,,,,,,,,,,,,,,,,,,,,,,,,,,,,,,,,,,,,,,,,
tig00000007,ESBL25,tig00000007 len=10585 reads=53 covStat=18.00 gappedBases=no class=contig suggestRepeat=no suggestCircular=yes,plasmid,P_5,True,False,True,10585,['ColRNAI'],,,,,,,,9393..9511,,,,,,,,,,,,,,,,,,,,,,,,,,,,,,,,,,,,,,,,,,,,,,,,,,,,,,,,
tig00000008,ESBL25,tig00000008 len=7109 reads=48 covStat=6.12 gappedBases=no class=contig suggestRepeat=no suggestCircular=yes,plasmid,P_6,True,False,True,7109,['Col8282'],,,,,,,1017..1220,,,,,,,,,,,,,,,,,,,,,,,,,,,,,,,,,,,,,,,,,,,,,,,,,,,,,,,,,
tig00000009,ESBL25,tig00000009 len=2822 reads=19 covStat=-0.70 gappedBases=no class=contig suggestRepeat=no suggestCircular=yes,plasmid,P_7,True,False,True,2822,['Col(MG828)'],,,,2336..2592,,,,,,,,,,,,,,,,,,,,,,,,,,,,,,,,,,,,,,,,,,,,,,,,,,,,,,,,,,,,
tig00000001,ESBL17,tig00000001 len=2267349 reads=3848 covStat=3750.43 gappedBases=no class=contig suggestRepeat=no suggestCircular=no,chromosome,C_0,False,False,False,2267349,[],,,,,,,,,,,,,,,,,,,,,,,,,,,,,,,,,,,,,,,,,,,,,,,,,,,,,,,,,,,,,,,,
tig00006742,ESBL17,tig00006742 len=1382687 reads=2369 covStat=2251.78 gappedBases=no class=contig suggestRepeat=no suggestCircular=no,chromosome,C_1,False,False,False,1382687,[],,,,,,,,,,,,,,,,,,,,,,,,,,,,,,,,,,,,,,,,,,,,,,,,,,,,,,,,,,,,,,,,
tig00006744,ESBL17,tig00006744 len=770654 reads=1268 covStat=1297.06 gappedBases=no class=contig suggestRepeat=no suggestCircular=no,misc,M_0,False,True,False,770654,['mdf(A)'],,,,,,,,,,,,,,,,,,,,,,,,,,,,,,,,,,,,,,,,,,,,,,,,,,,,,,626391..627609,,,,,,,,,,
tig00000012,ESBL17,tig00000012 len=280532 reads=356 covStat=472.40 gappedBases=no class=contig suggestRepeat=no suggestCircular=no,misc,M_1,False,False,False,280532,[],,,,,,,,,,,,,,,,,,,,,,,,,,,,,,,,,,,,,,,,,,,,,,,,,,,,,,,,,,,,,,,,
tig00000084,ESBL17,tig00000084 len=187866 reads=269 covStat=320.45 gappedBases=no class=contig suggestRepeat=no suggestCircular=no,misc,M_2,False,False,False,187866,[],,,,,,,,,,,,,,,,,,,,,,,,,,,,,,,,,,,,,,,,,,,,,,,,,,,,,,,,,,,,,,,,
tig00000090,ESBL17,tig00000090 len=167229 reads=275 covStat=248.55 gappedBases=no class=contig suggestRepeat=no suggestCircular=no,misc,M_3,False,False,False,167229,[],,,,,,,,,,,,,,,,,,,,,,,,,,,,,,,,,,,,,,,,,,,,,,,,,,,,,,,,,,,,,,,,
tig00000104,ESBL17,tig00000104 len=102500 reads=79 covStat=176.52 gappedBases=no class=contig suggestRepeat=no suggestCircular=no,misc,M_4,False,False,False,102500,[],,,,,,,,,,,,,,,,,,,,,,,,,,,,,,,,,,,,,,,,,,,,,,,,,,,,,,,,,,,,,,,,
tig00006743,ESBL17,tig00006743 len=76073 reads=1 covStat=0.00 gappedBases=no class=contig suggestRepeat=no suggestCircular=no,misc,M_5,False,False,False,76073,[],,,,,,,,,,,,,,,,,,,,,,,,,,,,,,,,,,,,,,,,,,,,,,,,,,,,,,,,,,,,,,,,
tig00006745,ESBL17,tig00006745 len=12495 reads=1 covStat=0.00 gappedBases=no class=contig suggestRepeat=no suggestCircular=no,misc,M_6,False,False,False,12495,[],,,,,,,,,,,,,,,,,,,,,,,,,,,,,,,,,,,,,,,,,,,,,,,,,,,,,,,,,,,,,,,,
tig00000856,ESBL17,tig00000856 len=3586 reads=4 covStat=0.88 gappedBases=no class=contig suggestRepeat=no suggestCircular=no,misc,M_7,False,False,False,3586,[],,,,,,,,,,,,,,,,,,,,,,,,,,,,,,,,,,,,,,,,,,,,,,,,,,,,,,,,,,,,,,,,
tig00000116,ESBL17,tig00000116 len=62869 reads=45 covStat=135.57 gappedBases=no class=contig suggestRepeat=no suggestCircular=no,plasmid,P_0,True,True,False,62869,"[""ant(3'')-Ia"", 'mph(A)', 'IncFIC(FII)', 'aadA5', ""aac(6')-Ib-cr"", 'dfrA17', 'sul1', 'blaCTX-M-15', 'tet(A)', 'catB3', 'blaOXA-1']",,,,,,,,,,,,,18057..18348,,,,,,,,,,,,33348..33936,,47059..47841,,48456..48620,,,,,,,,,35205..36077,,,,32400..33218,,,,31829..32269,,,,,47971..48438,,,,,39565..40478,,45685..46543,,,,27329..28561,,
tig00000107,ESBL17,tig00000107 len=39869 reads=24 covStat=80.95 gappedBases=no class=contig suggestRepeat=no suggestCircular=no,plasmid,P_1,True,False,False,39869,['IncFIC(FII)'],,,,,,,,,,,,,1609..1983,,,,,,,,,,,,,,,,,,,,,,,,,,,,,,,,,,,,,,,,,,,,,,,,,,,
tig00000080,ESBL17,tig00000080 len=3961 reads=40 covStat=-20.35 gappedBases=no class=contig suggestRepeat=no suggestCircular=yes,plasmid,P_2,True,False,True,3961,['Col(BS512)'],,2988..3178,,,,,,,,,,,,,,,,,,,,,,,,,,,,,,,,,,,,,,,,,,,,,,,,,,,,,,,,,,,,,,
tig00002646,ESBL16,tig00002646 len=1992804 reads=2470 covStat=1631.00 gappedBases=no class=contig suggestRepeat=no suggestCircular=no,chromosome,C_0,False,False,False,1992804,[],,,,,,,,,,,,,,,,,,,,,,,,,,,,,,,,,,,,,,,,,,,,,,,,,,,,,,,,,,,,,,,,
tig00000055,ESBL16,tig00000055 len=892173 reads=1003 covStat=784.06 gappedBases=no class=contig suggestRepeat=no suggestCircular=no,misc,M_0,False,True,False,892173,['mdf(A)'],,,,,,,,,,,,,,,,,,,,,,,,,,,,,,,,,,,,,,,,,,,,,,,,,,,,,,86342..87550,,,,,,,,,,
tig00000073,ESBL16,tig00000073 len=553077 reads=703 covStat=439.87 gappedBases=no class=contig suggestRepeat=no suggestCircular=no,misc,M_1,False,False,False,553077,[],,,,,,,,,,,,,,,,,,,,,,,,,,,,,,,,,,,,,,,,,,,,,,,,,,,,,,,,,,,,,,,,
tig00002652,ESBL16,tig00002652 len=352646 reads=351 covStat=336.07 gappedBases=no class=contig suggestRepeat=no suggestCircular=no,misc,M_2,False,False,False,352646,[],,,,,,,,,,,,,,,,,,,,,,,,,,,,,,,,,,,,,,,,,,,,,,,,,,,,,,,,,,,,,,,,
tig00000099,ESBL16,tig00000099 len=349915 reads=369 covStat=312.15 gappedBases=no class=contig suggestRepeat=no suggestCircular=no,misc,M_3,False,False,False,349915,[],,,,,,,,,,,,,,,,,,,,,,,,,,,,,,,,,,,,,,,,,,,,,,,,,,,,,,,,,,,,,,,,
tig00000117,ESBL16,tig00000117 len=158924 reads=153 covStat=144.25 gappedBases=no class=contig suggestRepeat=no suggestCircular=no,misc,M_4,False,False,False,158924,[],,,,,,,,,,,,,,,,,,,,,,,,,,,,,,,,,,,,,,,,,,,,,,,,,,,,,,,,,,,,,,,,
tig00000136,ESBL16,tig00000136 len=132154 reads=134 covStat=126.10 gappedBases=no class=contig suggestRepeat=no suggestCircular=no,misc,M_5,False,False,False,132154,[],,,,,,,,,,,,,,,,,,,,,,,,,,,,,,,,,,,,,,,,,,,,,,,,,,,,,,,,,,,,,,,,
tig00000112,ESBL16,tig00000112 len=123232 reads=130 covStat=96.29 gappedBases=no class=contig suggestRepeat=no suggestCircular=no,misc,M_6,False,False,False,123232,[],,,,,,,,,,,,,,,,,,,,,,,,,,,,,,,,,,,,,,,,,,,,,,,,,,,,,,,,,,,,,,,,
tig00002649,ESBL16,tig00002649 len=109904 reads=80 covStat=112.62 gappedBases=no class=contig suggestRepeat=no suggestCircular=no,misc,M_7,False,False,False,109904,[],,,,,,,,,,,,,,,,,,,,,,,,,,,,,,,,,,,,,,,,,,,,,,,,,,,,,,,,,,,,,,,,
tig00000140,ESBL16,tig00000140 len=91920 reads=93 covStat=72.98 gappedBases=no class=contig suggestRepeat=no suggestCircular=no,misc,M_8,False,False,False,91920,[],,,,,,,,,,,,,,,,,,,,,,,,,,,,,,,,,,,,,,,,,,,,,,,,,,,,,,,,,,,,,,,,
tig00000166,ESBL16,tig00000166 len=49932 reads=31 covStat=43.15 gappedBases=no class=contig suggestRepeat=no suggestCircular=no,misc,M_9,False,False,False,49932,[],,,,,,,,,,,,,,,,,,,,,,,,,,,,,,,,,,,,,,,,,,,,,,,,,,,,,,,,,,,,,,,,
tig00002647,ESBL16,tig00002647 len=44541 reads=1 covStat=0.00 gappedBases=no class=contig suggestRepeat=no suggestCircular=no,misc,M_10,False,False,False,44541,[],,,,,,,,,,,,,,,,,,,,,,,,,,,,,,,,,,,,,,,,,,,,,,,,,,,,,,,,,,,,,,,,
tig00002650,ESBL16,tig00002650 len=30534 reads=1 covStat=0.00 gappedBases=no class=contig suggestRepeat=no suggestCircular=no,misc,M_11,False,False,False,30534,[],,,,,,,,,,,,,,,,,,,,,,,,,,,,,,,,,,,,,,,,,,,,,,,,,,,,,,,,,,,,,,,,
tig00000732,ESBL16,tig00000732 len=29100 reads=4 covStat=27.43 gappedBases=no class=contig suggestRepeat=no suggestCircular=no,misc,M_12,False,False,False,29100,[],,,,,,,,,,,,,,,,,,,,,,,,,,,,,,,,,,,,,,,,,,,,,,,,,,,,,,,,,,,,,,,,
tig00002645,ESBL16,tig00002645 len=28939 reads=1 covStat=0.00 gappedBases=no class=contig suggestRepeat=no suggestCircular=no,misc,M_13,False,False,False,28939,[],,,,,,,,,,,,,,,,,,,,,,,,,,,,,,,,,,,,,,,,,,,,,,,,,,,,,,,,,,,,,,,,
tig00000731,ESBL16,tig00000731 len=14332 reads=1 covStat=0.00 gappedBases=no class=contig suggestRepeat=no suggestCircular=no,misc,M_14,False,False,False,14332,[],,,,,,,,,,,,,,,,,,,,,,,,,,,,,,,,,,,,,,,,,,,,,,,,,,,,,,,,,,,,,,,,
tig00000733,ESBL16,tig00000733 len=8760 reads=6 covStat=0.79 gappedBases=no class=contig suggestRepeat=yes suggestCircular=no,misc,M_15,False,False,False,8760,[],,,,,,,,,,,,,,,,,,,,,,,,,,,,,,,,,,,,,,,,,,,,,,,,,,,,,,,,,,,,,,,,
tig00002651,ESBL16,tig00002651 len=3522 reads=2 covStat=1.10 gappedBases=no class=contig suggestRepeat=no suggestCircular=no,misc,M_16,False,False,False,3522,[],,,,,,,,,,,,,,,,,,,,,,,,,,,,,,,,,,,,,,,,,,,,,,,,,,,,,,,,,,,,,,,,
tig00000007,ESBL16,tig00000007 len=10353 reads=400 covStat=-267.28 gappedBases=no class=contig suggestRepeat=no suggestCircular=no,plasmid,P_0,True,False,False,10353,"['Col(MGD2)', 'ColRNAI']",,,,,8866..8966,,,8020..8147,,,,,,,,,,,,,,,,,,,,,,,,,,,,,,,,,,,,,,,,,,,,,,,,,,,,,,,,
tig00000076,ESBL16,tig00000076 len=9435 reads=321 covStat=-211.48 gappedBases=no class=contig suggestRepeat=no suggestCircular=no,plasmid,P_1,True,False,False,9435,['Col156'],,,,,,5911..6062,,,,,,,,,,,,,,,,,,,,,,,,,,,,,,,,,,,,,,,,,,,,,,,,,,,,,,,,,,
tig00000020,ESBL16,tig00000020 len=6141 reads=47 covStat=-29.95 gappedBases=no class=contig suggestRepeat=no suggestCircular=no,plasmid,P_2,True,False,False,6141,"['Col(MGD2)', 'ColRNAI']",,,,,4681..4781,,,5497..5623,,,,,,,,,,,,,,,,,,,,,,,,,,,,,,,,,,,,,,,,,,,,,,,,,,,,,,,,
tig00000024,ESBL16,tig00000024 len=5942 reads=49 covStat=-31.85 gappedBases=no class=contig suggestRepeat=no suggestCircular=no,plasmid,P_3,True,False,False,5942,"['Col(MGD2)', 'ColRNAI']",,,,,4971..5071,,,4137..4264,,,,,,,,,,,,,,,,,,,,,,,,,,,,,,,,,,,,,,,,,,,,,,,,,,,,,,,,
tig00000008,ESBL16,tig00000008 len=5722 reads=40 covStat=-26.08 gappedBases=no class=contig suggestRepeat=no suggestCircular=no,plasmid,P_4,True,False,False,5722,"['Col(MGD2)', 'ColRNAI']",,,,,3158..3258,,,2313..2440,,,,,,,,,,,,,,,,,,,,,,,,,,,,,,,,,,,,,,,,,,,,,,,,,,,,,,,,
tig00000028,ESBL16,tig00000028 len=5662 reads=44 covStat=-28.90 gappedBases=no class=contig suggestRepeat=no suggestCircular=no,plasmid,P_5,True,False,False,5662,"['Col(MGD2)', 'ColRNAI']",,,,,1753..1853,,,2570..2697,,,,,,,,,,,,,,,,,,,,,,,,,,,,,,,,,,,,,,,,,,,,,,,,,,,,,,,,
tig00000014,ESBL16,tig00000014 len=5619 reads=43 covStat=-28.12 gappedBases=no class=contig suggestRepeat=no suggestCircular=no,plasmid,P_6,True,False,False,5619,"['Col(MGD2)', 'ColRNAI']",,,,,2947..3047,,,3763..3889,,,,,,,,,,,,,,,,,,,,,,,,,,,,,,,,,,,,,,,,,,,,,,,,,,,,,,,,
tig00000107,ESBL16,tig00000107 len=5485 reads=8 covStat=-4.47 gappedBases=no class=contig suggestRepeat=no suggestCircular=no,plasmid,P_7,True,False,False,5485,"['Col(MGD2)', 'ColRNAI']",,,,,4692..4792,,,3851..3978,,,,,,,,,,,,,,,,,,,,,,,,,,,,,,,,,,,,,,,,,,,,,,,,,,,,,,,,
tig00000040,ESBL16,tig00000040 len=5373 reads=12 covStat=-7.31 gappedBases=no class=contig suggestRepeat=no suggestCircular=no,plasmid,P_8,True,False,False,5373,"['Col(MGD2)', 'ColRNAI']",,,,,3634..3734,,,4449..4575,,,,,,,,,,,,,,,,,,,,,,,,,,,,,,,,,,,,,,,,,,,,,,,,,,,,,,,,
tig00000106,ESBL16,tig00000106 len=5329 reads=4 covStat=-1.92 gappedBases=no class=contig suggestRepeat=no suggestCircular=no,plasmid,P_9,True,False,False,5329,"['Col(MGD2)', 'ColRNAI']",,,,,4944..5044,,,4098..4225,,,,,,,,,,,,,,,,,,,,,,,,,,,,,,,,,,,,,,,,,,,,,,,,,,,,,,,,
tig00000017,ESBL16,tig00000017 len=5270 reads=3 covStat=-1.25 gappedBases=no class=contig suggestRepeat=no suggestCircular=no,plasmid,P_10,True,False,False,5270,"['Col(MGD2)', 'ColRNAI']",,,,,3179..3279,,,3995..4121,,,,,,,,,,,,,,,,,,,,,,,,,,,,,,,,,,,,,,,,,,,,,,,,,,,,,,,,
tig00000016,ESBL16,tig00000016 len=5211 reads=3 covStat=-1.30 gappedBases=no class=contig suggestRepeat=no suggestCircular=no,plasmid,P_11,True,False,False,5211,"['Col(MGD2)', 'ColRNAI']",,,,,2033..2133,,,1193..1320,,,,,,,,,,,,,,,,,,,,,,,,,,,,,,,,,,,,,,,,,,,,,,,,,,,,,,,,
tig00000085,ESBL16,tig00000085 len=4830 reads=8 covStat=-4.46 gappedBases=no class=contig suggestRepeat=no suggestCircular=no,plasmid,P_12,True,False,False,4830,['Col156'],,,,,,1528..1679,,,,,,,,,,,,,,,,,,,,,,,,,,,,,,,,,,,,,,,,,,,,,,,,,,,,,,,,,,
tig00002261,ESBL15,tig00002261 len=2175505 reads=4130 covStat=4529.49 gappedBases=no class=contig suggestRepeat=no suggestCircular=no,chromosome,C_0,False,False,False,2175505,[],,,,,,,,,,,,,,,,,,,,,,,,,,,,,,,,,,,,,,,,,,,,,,,,,,,,,,,,,,,,,,,,
tig00000040,ESBL15,tig00000040 len=1308259 reads=2489 covStat=2716.97 gappedBases=no class=contig suggestRepeat=no suggestCircular=no,chromosome,C_1,False,False,False,1308259,[],,,,,,,,,,,,,,,,,,,,,,,,,,,,,,,,,,,,,,,,,,,,,,,,,,,,,,,,,,,,,,,,
tig00002259,ESBL15,tig00002259 len=905250 reads=1752 covStat=1840.04 gappedBases=no class=contig suggestRepeat=no suggestCircular=no,misc,M_0,False,True,False,905250,['mdf(A)'],,,,,,,,,,,,,,,,,,,,,,,,,,,,,,,,,,,,,,,,,,,,,,,,,,,,,,799484..800699,,,,,,,,,,
tig00000087,ESBL15,tig00000087 len=614298 reads=1176 covStat=1236.21 gappedBases=no class=contig suggestRepeat=no suggestCircular=no,misc,M_1,False,False,False,614298,[],,,,,,,,,,,,,,,,,,,,,,,,,,,,,,,,,,,,,,,,,,,,,,,,,,,,,,,,,,,,,,,,
tig00000154,ESBL15,tig00000154 len=52311 reads=36 covStat=111.60 gappedBases=no class=contig suggestRepeat=no suggestCircular=no,misc,M_2,False,False,False,52311,[],,,,,,,,,,,,,,,,,,,,,,,,,,,,,,,,,,,,,,,,,,,,,,,,,,,,,,,,,,,,,,,,
tig00002260,ESBL15,tig00002260 len=18893 reads=1 covStat=0.00 gappedBases=no class=contig suggestRepeat=yes suggestCircular=no,misc,M_3,False,False,False,18893,[],,,,,,,,,,,,,,,,,,,,,,,,,,,,,,,,,,,,,,,,,,,,,,,,,,,,,,,,,,,,,,,,
tig00000147,ESBL15,tig00000147 len=7418 reads=7 covStat=9.92 gappedBases=no class=contig suggestRepeat=no suggestCircular=no,misc,M_4,False,False,False,7418,[],,,,,,,,,,,,,,,,,,,,,,,,,,,,,,,,,,,,,,,,,,,,,,,,,,,,,,,,,,,,,,,,
tig00000158,ESBL15,tig00000158 len=5580 reads=5 covStat=5.18 gappedBases=no class=contig suggestRepeat=no suggestCircular=no,misc,M_5,False,False,False,5580,[],,,,,,,,,,,,,,,,,,,,,,,,,,,,,,,,,,,,,,,,,,,,,,,,,,,,,,,,,,,,,,,,
tig00000148,ESBL15,tig00000148 len=3598 reads=5 covStat=1.62 gappedBases=no class=contig suggestRepeat=no suggestCircular=no,misc,M_6,False,False,False,3598,[],,,,,,,,,,,,,,,,,,,,,,,,,,,,,,,,,,,,,,,,,,,,,,,,,,,,,,,,,,,,,,,,
tig00000160,ESBL15,tig00000160 len=2814 reads=5 covStat=2.24 gappedBases=no class=contig suggestRepeat=no suggestCircular=no,misc,M_7,False,False,False,2814,[],,,,,,,,,,,,,,,,,,,,,,,,,,,,,,,,,,,,,,,,,,,,,,,,,,,,,,,,,,,,,,,,
tig00002262,ESBL15,tig00002262 len=10099 reads=60 covStat=-15.50 gappedBases=no class=contig suggestRepeat=yes suggestCircular=no,plasmid,P_0,True,False,False,10099,"['Col(MGD2)', 'ColRNAI']",,,,,6114..6214,,,5269..5396,,,,,,,,,,,,,,,,,,,,,,,,,,,,,,,,,,,,,,,,,,,,,,,,,,,,,,,,
tig00000136,ESBL15,tig00000136 len=9714 reads=41 covStat=-4.33 gappedBases=no class=contig suggestRepeat=no suggestCircular=yes,plasmid,P_1,True,False,True,9714,['Col156'],,,,,,5663..5814,,,,,,,,,,,,,,,,,,,,,,,,,,,,,,,,,,,,,,,,,,,,,,,,,,,,,,,,,,
tig00002263,ESBL15,tig00002263 len=5259 reads=4 covStat=3.08 gappedBases=no class=contig suggestRepeat=no suggestCircular=no,plasmid,P_2,True,False,False,5259,"['Col(MGD2)', 'ColRNAI']",,,,,5079..5179,,,4234..4361,,,,,,,,,,,,,,,,,,,,,,,,,,,,,,,,,,,,,,,,,,,,,,,,,,,,,,,,
tig00020402,ESBL14,tig00020402 len=4933499 reads=11367 covStat=22267.14 gappedBases=no class=contig suggestRepeat=no suggestCircular=yes,chromosome,C_0,False,True,True,4933499,"['blaTEM-1B', 'mdf(A)']",,,,,,,,,,,,,,,,,,,,,,,,,,,,,,,,,,,,,,,,,,,1422476..1423327,,,,,,,,,,,4581758..4582976,,,,,,,,,,
tig00000138,ESBL14,tig00000138 len=91645 reads=109 covStat=435.50 gappedBases=no class=contig suggestRepeat=no suggestCircular=no,plasmid,P_0,True,True,False,91645,"['blaCTX-M-104', 'IncFII']",,,,,,,,,,,,,,52172..52426,,,,,,,,,,,,,,,,,,,,45976..46840,,,,,,,,,,,,,,,,,,,,,,,,,,,,,,
tig00001442,ESBL14,tig00001442 len=72070 reads=67 covStat=308.96 gappedBases=no class=contig suggestRepeat=no suggestCircular=no,plasmid,P_1,True,False,False,72070,['IncFII'],,,,,,,,,,,,,,48923..49177,,,,,,,,,,,,,,,,,,,,,,,,,,,,,,,,,,,,,,,,,,,,,,,,,,
tig00001440,ESBL14,tig00001440 len=69054 reads=95 covStat=260.69 gappedBases=no class=contig suggestRepeat=no suggestCircular=no,plasmid,P_2,True,False,False,69054,"['IncFIA', 'IncFIB(AP001918)']",,,,,,,,,,51410..51763,42487..43155,,,,,,,,,,,,,,,,,,,,,,,,,,,,,,,,,,,,,,,,,,,,,,,,,,,,,
tig00000137,ESBL14,tig00000137 len=55968 reads=82 covStat=246.99 gappedBases=no class=contig suggestRepeat=no suggestCircular=yes,plasmid,P_3,True,False,True,55968,"['IncX4', 'Col(MG828)']",,,,48302..48452,,,,,,,,,,,,,,,,,,46898..47604,,,,,,,,,,,,,,,,,,,,,,,,,,,,,,,,,,,,,,,,,,
tig00020401,ESBL14,tig00020401 len=50627 reads=1 covStat=0.00 gappedBases=no class=contig suggestRepeat=no suggestCircular=no,misc,M_0,False,False,False,50627,[],,,,,,,,,,,,,,,,,,,,,,,,,,,,,,,,,,,,,,,,,,,,,,,,,,,,,,,,,,,,,,,,
tig00001441,ESBL14,tig00001441 len=22058 reads=28 covStat=104.01 gappedBases=no class=contig suggestRepeat=yes suggestCircular=no,misc,M_1,False,False,False,22058,[],,,,,,,,,,,,,,,,,,,,,,,,,,,,,,,,,,,,,,,,,,,,,,,,,,,,,,,,,,,,,,,,
tig00000001,ESBL13,tig00000001 len=2318358 reads=3337 covStat=2867.91 gappedBases=no class=contig suggestRepeat=no suggestCircular=no,chromosome,C_0,False,True,False,2318358,['mdf(A)'],,,,,,,,,,,,,,,,,,,,,,,,,,,,,,,,,,,,,,,,,,,,,,,,,,,,,,1498382..1499604,,,,,,,,,,
tig00000005,ESBL13,tig00000005 len=2034689 reads=3349 covStat=2222.27 gappedBases=no class=contig suggestRepeat=no suggestCircular=no,chromosome,C_1,False,False,False,2034689,[],,,,,,,,,,,,,,,,,,,,,,,,,,,,,,,,,,,,,,,,,,,,,,,,,,,,,,,,,,,,,,,,
tig00004225,ESBL13,tig00004225 len=312783 reads=451 covStat=353.45 gappedBases=no class=contig suggestRepeat=no suggestCircular=no,misc,M_0,False,False,False,312783,[],,,,,,,,,,,,,,,,,,,,,,,,,,,,,,,,,,,,,,,,,,,,,,,,,,,,,,,,,,,,,,,,
tig00000102,ESBL13,tig00000102 len=238058 reads=351 covStat=275.78 gappedBases=no class=contig suggestRepeat=no suggestCircular=no,misc,M_1,False,False,False,238058,[],,,,,,,,,,,,,,,,,,,,,,,,,,,,,,,,,,,,,,,,,,,,,,,,,,,,,,,,,,,,,,,,
tig00000046,ESBL13,tig00000046 len=69005 reads=101 covStat=64.70 gappedBases=no class=contig suggestRepeat=no suggestCircular=no,misc,M_2,False,False,False,69005,[],,,,,,,,,,,,,,,,,,,,,,,,,,,,,,,,,,,,,,,,,,,,,,,,,,,,,,,,,,,,,,,,
tig00004224,ESBL13,tig00004224 len=38545 reads=1 covStat=0.00 gappedBases=no class=contig suggestRepeat=no suggestCircular=no,misc,M_3,False,False,False,38545,[],,,,,,,,,,,,,,,,,,,,,,,,,,,,,,,,,,,,,,,,,,,,,,,,,,,,,,,,,,,,,,,,
tig00000035,ESBL13,tig00000035 len=35513 reads=16 covStat=37.78 gappedBases=no class=contig suggestRepeat=no suggestCircular=no,misc,M_4,False,False,False,35513,[],,,,,,,,,,,,,,,,,,,,,,,,,,,,,,,,,,,,,,,,,,,,,,,,,,,,,,,,,,,,,,,,
tig00000126,ESBL13,tig00000126 len=25983 reads=19 covStat=27.25 gappedBases=no class=contig suggestRepeat=no suggestCircular=no,misc,M_5,False,False,False,25983,[],,,,,,,,,,,,,,,,,,,,,,,,,,,,,,,,,,,,,,,,,,,,,,,,,,,,,,,,,,,,,,,,
tig00004226,ESBL13,tig00004226 len=16664 reads=1 covStat=0.00 gappedBases=no class=contig suggestRepeat=no suggestCircular=no,misc,M_6,False,False,False,16664,[],,,,,,,,,,,,,,,,,,,,,,,,,,,,,,,,,,,,,,,,,,,,,,,,,,,,,,,,,,,,,,,,
tig00000017,ESBL13,tig00000017 len=8038 reads=278 covStat=-183.03 gappedBases=no class=contig suggestRepeat=no suggestCircular=no,misc,M_7,False,False,False,8038,[],,,,,,,,,,,,,,,,,,,,,,,,,,,,,,,,,,,,,,,,,,,,,,,,,,,,,,,,,,,,,,,,
tig00000076,ESBL13,tig00000076 len=4596 reads=23 covStat=-13.77 gappedBases=no class=contig suggestRepeat=no suggestCircular=no,misc,M_8,False,False,False,4596,[],,,,,,,,,,,,,,,,,,,,,,,,,,,,,,,,,,,,,,,,,,,,,,,,,,,,,,,,,,,,,,,,
tig00000057,ESBL13,tig00000057 len=4363 reads=17 covStat=-9.98 gappedBases=no class=contig suggestRepeat=no suggestCircular=no,misc,M_9,False,False,False,4363,[],,,,,,,,,,,,,,,,,,,,,,,,,,,,,,,,,,,,,,,,,,,,,,,,,,,,,,,,,,,,,,,,
tig00000064,ESBL13,tig00000064 len=4061 reads=4 covStat=-1.83 gappedBases=no class=contig suggestRepeat=no suggestCircular=no,misc,M_10,False,False,False,4061,[],,,,,,,,,,,,,,,,,,,,,,,,,,,,,,,,,,,,,,,,,,,,,,,,,,,,,,,,,,,,,,,,
tig00000001,ESBL12,tig00000001 len=5322943 reads=10840 covStat=23764.62 gappedBases=no class=contig suggestRepeat=no suggestCircular=yes,chromosome,C_0,False,True,True,5322943,"['blaCTX-M-14b', ""ant(3'')-Ia"", ""aph(3')-Ia"", 'mdf(A)', 'blaTEM-1B', 'dfrA1', 'tet(D)']",,,,,,,,,,,,,,,,,,,,,,,,,,,,,4742888..4743680,,186485..187295,,,,,,4407557..4408428,,,,,,190582..191437,,,,,4741753..4742224,,,,,,1206579..1207798,,,,,,,,,,188938..190108
tig00000003,ESBL12,tig00000003 len=220985 reads=282 covStat=1003.86 gappedBases=no class=contig suggestRepeat=no suggestCircular=no,plasmid,P_0,True,False,False,220985,"['IncFII(pRSB107)', 'IncFIB(AP001918)']",,,,,,,,,,,93285..93957,,,,,191837..192090,,,,,,,,,,,,,,,,,,,,,,,,,,,,,,,,,,,,,,,,,,,,,,,,
tig00022026,ESBL12,tig00022026 len=77298 reads=163 covStat=302.67 gappedBases=no class=contig suggestRepeat=no suggestCircular=no,misc,M_0,False,False,False,77298,[],,,,,,,,,,,,,,,,,,,,,,,,,,,,,,,,,,,,,,,,,,,,,,,,,,,,,,,,,,,,,,,,
tig00022025,ESBL12,tig00022025 len=19808 reads=1 covStat=0.00 gappedBases=no class=contig suggestRepeat=no suggestCircular=no,misc,M_1,False,False,False,19808,[],,,,,,,,,,,,,,,,,,,,,,,,,,,,,,,,,,,,,,,,,,,,,,,,,,,,,,,,,,,,,,,,
tig00000001,ESBL11,tig00000001 len=5254371 reads=12218 covStat=24379.32 gappedBases=no class=contig suggestRepeat=no suggestCircular=yes,chromosome,C_0,False,True,True,5254371,['mdf(A)'],,,,,,,,,,,,,,,,,,,,,,,,,,,,,,,,,,,,,,,,,,,,,,,,,,,,,,4950952..4952173,,,,,,,,,,
tig00000246,ESBL11,tig00000246 len=188523 reads=257 covStat=925.86 gappedBases=no class=contig suggestRepeat=no suggestCircular=yes,plasmid,P_0,True,True,True,188523,"[""ant(3'')-Ia"", 'mph(A)', 'catB3', 'aadA5', ""aac(6')-Ib-cr"", 'dfrA17', 'sul1', 'sul2', 'blaOXA-1', 'IncFIB(AP001918)', 'tet(A)', 'blaCTX-M-27', 'IncFII(pRSB107)', 'IncFIA', 'ARR-3', ""aph(3'')-Ib"", 'erm(B)']",25389..25673,,,,,,,,,121834..122215,154875..155544,,,,,183825..184083,,,,,,,,,27435..28031,,68573..69357,,69972..70136,46123..46922,,,,,,,,,53668..54537,,,26484..27309,,,,25721..26351,,,,,69487..69954,59148..59903,,,,61045..61959,,67195..68056,45258..46062,,,48713..49946,,
tig00022483,ESBL11,tig00022483 len=123341 reads=118 covStat=648.86 gappedBases=no class=contig suggestRepeat=no suggestCircular=yes,plasmid,P_1,True,False,True,123341,['p0111'],,,,,,,,,,,,,,,,,,,,,,,,,,,,,,,,,,,,,,,,,,,,,,,,,,,,,,,,,113398..114277,,,,,,,
tig00022482,ESBL11,tig00022482 len=29639 reads=1 covStat=0.00 gappedBases=no class=contig suggestRepeat=no suggestCircular=no,plasmid,P_2,True,False,False,29639,['p0111'],,,,,,,,,,,,,,,,,,,,,,,,,,,,,,,,,,,,,,,,,,,,,,,,,,,,,,,,,17160..18039,,,,,,,
tig00000244,ESBL11,tig00000244 len=10122 reads=95 covStat=-25.90 gappedBases=no class=contig suggestRepeat=no suggestCircular=no,plasmid,P_3,True,False,False,10122,['Col156'],,,,,,7300..7453,,,,,,,,,,,,,,,,,,,,,,,,,,,,,,,,,,,,,,,,,,,,,,,,,,,,,,,,,,
tig00000243,ESBL11,tig00000243 len=9928 reads=99 covStat=-23.97 gappedBases=no class=contig suggestRepeat=no suggestCircular=no,plasmid,P_4,True,False,False,9928,['Col156'],,,,,,5498..5651,,,,,,,,,,,,,,,,,,,,,,,,,,,,,,,,,,,,,,,,,,,,,,,,,,,,,,,,,,
tig00000242,ESBL11,tig00000242 len=8065 reads=86 covStat=-28.93 gappedBases=no class=contig suggestRepeat=no suggestCircular=no,plasmid,P_5,True,False,False,8065,['Col8282'],,,,,,,7387..7588,,,,,,,,,,,,,,,,,,,,,,,,,,,,,,,,,,,,,,,,,,,,,,,,,,,,,,,,,
tig00000245,ESBL11,tig00000245 len=2859 reads=85 covStat=-49.23 gappedBases=no class=contig suggestRepeat=no suggestCircular=no,plasmid,P_6,True,False,False,2859,['Col(MG828)'],,,,101..357,,,,,,,,,,,,,,,,,,,,,,,,,,,,,,,,,,,,,,,,,,,,,,,,,,,,,,,,,,,,
tig00016852,ESBL10,tig00016852 len=5235271 reads=8974 covStat=17540.27 gappedBases=no class=contig suggestRepeat=no suggestCircular=yes,chromosome,C_0,False,True,True,5235271,"['blaCTX-M-15', ""aac(6')-Ib-cr"", 'catB3', 'mdf(A)', 'blaOXA-1']",,,,,,,,,,,,,,,,,,,,,,,,,1663645..1664242,,,,,,,,,,,,,1657007..1657876,,,,1662695..1663513,,,,1662119..1662559,,,,,,,,3210879..3212102,,,,,,,,,,
tig00000210,ESBL10,tig00000210 len=188257 reads=465 covStat=405.38 gappedBases=no class=contig suggestRepeat=no suggestCircular=yes,plasmid,P_0,True,False,True,188257,"['IncFIB(AP001918)', 'IncFIA', 'IncFIC(FII)']",,,,,,,,,,110461..110835,123409..124080,,45824..46320,,,,,,,,,,,,,,,,,,,,,,,,,,,,,,,,,,,,,,,,,,,,,,,,,,,
tig00016851,ESBL10,tig00016851 len=100971 reads=1 covStat=0.00 gappedBases=no class=contig suggestRepeat=no suggestCircular=no,misc,M_0,False,False,False,100971,[],,,,,,,,,,,,,,,,,,,,,,,,,,,,,,,,,,,,,,,,,,,,,,,,,,,,,,,,,,,,,,,,
tig00000001,ESBL04,tig00000001 len=5411268 reads=9838 covStat=15050.74 gappedBases=no class=contig suggestRepeat=no suggestCircular=yes,chromosome,C_0,False,True,True,5411268,"['catB3', 'mdf(A)', ""aac(6')-Ib-cr"", 'blaCTX-M-15', 'aac(3)-IIa', 'blaOXA-1']",,,,,,,,,,,,,,,,,,,,,,,3083752..3084604,,3080776..3081372,,,,,,,,,,,,,1522259..1523129,,,,3081502..3082321,,,,3082455..3082896,,,,,,,,3152303..3153525,,,,,,,,,,
tig00000263,ESBL04,tig00000263 len=2558 reads=20 covStat=-8.40 gappedBases=no class=contig suggestRepeat=no suggestCircular=yes,plasmid,P_0,True,False,True,2558,['Col(MG828)'],,,,2083..2341,,,,,,,,,,,,,,,,,,,,,,,,,,,,,,,,,,,,,,,,,,,,,,,,,,,,,,,,,,,,
tig00000001,ESBL19,tig00000001 len=5035587 reads=12974 covStat=25260.94 gappedBases=no class=contig suggestRepeat=no suggestCircular=yes,chromosome,C_0,False,True,True,5035587,['mdf(A)'],,,,,,,,,,,,,,,,,,,,,,,,,,,,,,,,,,,,,,,,,,,,,,,,,,,,,,240965..242185,,,,,,,,,,
tig00000282,ESBL19,tig00000282 len=160608 reads=183 covStat=839.91 gappedBases=no class=contig suggestRepeat=no suggestCircular=yes,plasmid,P_0,True,True,True,160608,"[""ant(3'')-Ia"", 'mph(A)', ""aph(3'')-Ib"", 'aadA5', 'dfrA17', 'Col156', 'sul1', 'sul2', 'IncFIB(AP001918)', 'tet(A)', 'blaCTX-M-27', 'IncFII(pRSB107)', 'IncFIA']",,,,,,92349..92490,,,,130871..131251,115062..115732,,,,,159489..159745,,,,,,,,,,,137282..138065,,136508..136672,147809..148607,,,,,,,,,153233..154102,,,,,,,,,,,,136690..137155,,,,,144671..145585,,138582..139445,146940..147748,,,150404..151640,,
tig00000284,ESBL19,tig00000284 len=106367 reads=212 covStat=565.39 gappedBases=no class=contig suggestRepeat=no suggestCircular=yes,plasmid,P_1,True,False,True,106367,['IncI1'],,,,,,,,,,,,,,,,,21390..21526,,,,,,,,,,,,,,,,,,,,,,,,,,,,,,,,,,,,,,,,,,,,,,,
tig00000281,ESBL19,tig00000281 len=10056 reads=62 covStat=-0.13 gappedBases=no class=contig suggestRepeat=no suggestCircular=yes,plasmid,P_2,True,False,True,10056,['Col156'],,,,,,7517..7670,,,,,,,,,,,,,,,,,,,,,,,,,,,,,,,,,,,,,,,,,,,,,,,,,,,,,,,,,,
tig00000280,ESBL19,tig00000280 len=3023 reads=82 covStat=-45.11 gappedBases=no class=contig suggestRepeat=no suggestCircular=yes,plasmid,P_3,True,False,True,3023,['Col(MG828)'],,,,2335..2587,,,,,,,,,,,,,,,,,,,,,,,,,,,,,,,,,,,,,,,,,,,,,,,,,,,,,,,,,,,,
tig00000001,ESBL18,tig00000001 len=5004676 reads=32857 covStat=27254.16 gappedBases=no class=contig suggestRepeat=no suggestCircular=yes,chromosome,C_0,False,True,True,5004676,['mdf(A)'],,,,,,,,,,,,,,,,,,,,,,,,,,,,,,,,,,,,,,,,,,,,,,,,,,,,,,4487326..4488546,,,,,,,,,,
tig00000007,ESBL18,tig00000007 len=160994 reads=331 covStat=1143.79 gappedBases=no class=contig suggestRepeat=no suggestCircular=yes,plasmid,P_0,True,False,True,160994,['IncFIB(pHCM2)'],,,,,,,,,,,,65924..66791,,,,,,,,,,,,,,,,,,,,,,,,,,,,,,,,,,,,,,,,,,,,,,,,,,,,
tig00000008,ESBL18,tig00000008 len=143493 reads=263 covStat=964.88 gappedBases=no class=contig suggestRepeat=no suggestCircular=yes,plasmid,P_1,True,True,True,143493,"['blaTEM-1C', 'aph(6)-Id', ""aph(3'')-Ib"", 'sul2', 'IncB/O/K/Z']",,,,,,,,,132276..132431,,,,,,,,,,,,,,,,,,,,,78439..79234,,72702..73427,,,,,,,,,,,,77331..78185,,,,,,,,,,,,,,,79295..80102,,,,,
tig00000011,ESBL18,tig00000011 len=71652 reads=112 covStat=426.92 gappedBases=no class=contig suggestRepeat=no suggestCircular=no,plasmid,P_2,True,True,False,71652,"['IncX1', 'IncX3', 'blaTEM-52B']",,,,,,,,,,,,,,,,,,,,33353..33721,34362..34701,,,,,,,,,,,,,,,,,,,,,,,,60785..61640,,,,,,,,,,,,,,,,,,,
tig00000010,ESBL18,tig00000010 len=65631 reads=538 covStat=156.11 gappedBases=no class=contig suggestRepeat=no suggestCircular=yes,plasmid,P_3,False,False,True,65631,[],,,,,,,,,,,,,,,,,,,,,,,,,,,,,,,,,,,,,,,,,,,,,,,,,,,,,,,,,,,,,,,,
tig00000004,ESBL18,tig00000004 len=12994 reads=148 covStat=5.40 gappedBases=no class=contig suggestRepeat=no suggestCircular=yes,plasmid,P_4,True,False,True,12994,['ColRNAI'],,,,,,,,10374..10502,,,,,,,,,,,,,,,,,,,,,,,,,,,,,,,,,,,,,,,,,,,,,,,,,,,,,,,,
tig00000003,ESBL18,tig00000003 len=10978 reads=145 covStat=-10.74 gappedBases=no class=contig suggestRepeat=no suggestCircular=yes,plasmid,P_5,True,False,True,10978,['ColRNAI'],,,,,,,,7629..7747,,,,,,,,,,,,,,,,,,,,,,,,,,,,,,,,,,,,,,,,,,,,,,,,,,,,,,,,
tig00000009,ESBL18,tig00000009 len=7388 reads=37 covStat=30.45 gappedBases=no class=contig suggestRepeat=no suggestCircular=yes,plasmid,P_6,True,False,True,7388,['ColRNAI'],,,,,,,,5875..6004,,,,,,,,,,,,,,,,,,,,,,,,,,,,,,,,,,,,,,,,,,,,,,,,,,,,,,,,
tig00000005,ESBL18,tig00000005 len=4069 reads=108 covStat=-47.03 gappedBases=no class=contig suggestRepeat=no suggestCircular=yes,plasmid,P_7,True,False,True,4069,['Col(MG828)'],,,,2484..2738,,,,,,,,,,,,,,,,,,,,,,,,,,,,,,,,,,,,,,,,,,,,,,,,,,,,,,,,,,,,
tig00000006,ESBL18,tig00000006 len=2764 reads=49 covStat=-18.69 gappedBases=no class=contig suggestRepeat=no suggestCircular=yes,plasmid,P_8,True,False,True,2764,['Col(MG828)'],,,,518..768,,,,,,,,,,,,,,,,,,,,,,,,,,,,,,,,,,,,,,,,,,,,,,,,,,,,,,,,,,,,
tig00000001,ESBL06,tig00000001 len=4880778 reads=9027 covStat=16744.16 gappedBases=no class=contig suggestRepeat=no suggestCircular=no,chromosome,C_0,False,True,False,4880778,"['mdf(A)', 'tet(34)']",,,,,,,,,,,,,,,,,,,,,,,,,,,,,,,,,,,,,,,,,,,,,,,,,,,,,,2079079..2080301,,,,,,,2699496..2699849,,,
tig00000208,ESBL06,tig00000208 len=112987 reads=73 covStat=447.21 gappedBases=no class=contig suggestRepeat=no suggestCircular=yes,plasmid,P_0,False,False,True,112987,[],,,,,,,,,,,,,,,,,,,,,,,,,,,,,,,,,,,,,,,,,,,,,,,,,,,,,,,,,,,,,,,,
tig00000202,ESBL06,tig00000202 len=106460 reads=106 covStat=411.92 gappedBases=no class=contig suggestRepeat=no suggestCircular=yes,plasmid,P_1,True,True,True,106460,"['blaCTX-M-1', 'IncI1']",,,,,,,,,,,,,,,,,84464..84603,,,,,,,,,,,,,,,,89799..90669,,,,,,,,,,,,,,,,,,,,,,,,,,,,,,,
tig00000211,ESBL06,tig00000211 len=70754 reads=70 covStat=246.24 gappedBases=no class=contig suggestRepeat=no suggestCircular=yes,plasmid,P_2,True,True,True,70754,"['IncX1', ""ant(3'')-Ia"", 'IncX3', 'lnu(F)', 'blaTEM-1B']",,,,,,,,,,,,,,,,,,,,49234..49594,47408..47751,,,,,,,,68175..68980,,,,,,,,,,,,,,62168..63022,,,,,,,,,,67258..68056,,,,,,,,,,,
tig00000217,ESBL06,tig00000217 len=42363 reads=18 covStat=152.36 gappedBases=no class=contig suggestRepeat=no suggestCircular=no,plasmid,P_3,True,True,False,42363,"['mef(B)', 'IncR', 'aadA8b', ""ant(3'')-Ia"", 'dfrA12', 'sul3', 'blaTEM-1B', 'cmlA1', 'IncN']",,,,,,,,,,,,,,,,,,20196..20298,12139..12386,,,,,,,,,35073..35862,37439..38236,,,,,,,,,,,,,,24434..25288,,,,36122..37360,,34181..34670,,,,,,4086..4345,,,,,39884..40651,,,,
tig00000001,ESBL07,tig00000001 len=5308221 reads=11107 covStat=21704.09 gappedBases=no class=contig suggestRepeat=no suggestCircular=no,chromosome,C_0,False,True,False,5308221,"['catB3', 'mdf(A)', ""aac(6')-Ib-cr"", 'blaCTX-M-15', 'aac(3)-IIa', 'blaOXA-1']",,,,,,,,,,,,,,,,,,,,,,,4054936..4055791,,4058173..4058768,,,,,,,,,,,,,3977249..3978118,,,,4057222..4058041,,,,4056647..4057088,,,,,,,,2423091..2424312,,,,,,,,,,
tig00000155,ESBL07,tig00000155 len=157432 reads=256 covStat=614.42 gappedBases=no class=contig suggestRepeat=no suggestCircular=no,plasmid,P_0,True,False,False,157432,"['IncFIB(AP001918)', 'IncFIA', 'IncFIC(FII)']",,,,,,,,,,104567..104941,91311..91979,,56101..56394,,,,,,,,,,,,,,,,,,,,,,,,,,,,,,,,,,,,,,,,,,,,,,,,,,,
tig00000160,ESBL07,tig00000160 len=125173 reads=250 covStat=417.18 gappedBases=no class=contig suggestRepeat=no suggestCircular=yes,plasmid,P_1,True,True,True,125173,"['tet(B)', 'IncFIC(FII)']",,,,,,,,,,,,,114306..114597,,,,,,,,,,,,,,,,,,,,,,,,,,,,,,,,,,,,,,,,,,,,,,,,,,83632..84827,
