,sample,header,label,name,replicon,resistance,circular,cov,len,genes,ARR-3,Col(BS512),Col(KPHS6),Col(MG828),Col(MGD2),Col156,Col8282,ColRNAI,IncB/O/K/Z,IncFIA,IncFIB(AP001918),IncFIB(pHCM2),IncFIB(pKPHS1),IncFIC(FII),IncFII,IncFII(29),IncFII(pRSB107),IncI1,IncN,IncQ1,IncR,IncX1,IncX3,IncX4,aac(3)-IIa,aac(3)-IId,aac(6')-Ib-cr,aadA5,aadA8b,ant(3'')-Ia,aph(3'')-Ib,aph(3')-Ia,aph(6)-Id,blaCMY-42,blaCTX-M-1,blaCTX-M-14,blaCTX-M-14b,blaCTX-M-15,blaCTX-M-27,blaCTX-M-8,blaOXA-1,blaTEM-15,blaTEM-1B,catA1,catB3,cmlA1,dfrA1,dfrA12,dfrA14,dfrA17,erm(B),lnu(F),mdf(A),mef(B),mph(A),p0111,sul1,sul2,sul3,tet(34),tet(A),tet(B),tet(D)
1,ESBL08,1 length=5262256 depth=1.00x,chromosome,C_0,False,True,False,1.00,5262256,"['catB3', 'mdf(A)', ""aac(6')-Ib-cr"", 'blaCTX-M-15', 'aac(3)-IIa', 'blaOXA-1']",,,,,,,,,,,,,,,,,,,,,,,,,4360607..4361467,,4363871..4364470,,,,,,,,,,,4282268..4283143,,,4362910..4363740,,,,4362328..4362772,,,,,,,,2713480..2714712,,,,,,,,,,
2,ESBL08,2 length=96236 depth=0.86x,plasmid,P_0,True,False,False,0.86,96236,"['IncFIB(AP001918)', 'IncFIA', 'IncFIC(FII)']",,,,,,,,,,15175..15558,1790..2471,,,89033..89331,,,,,,,,,,,,,,,,,,,,,,,,,,,,,,,,,,,,,,,,,,,,,,,,,
3,ESBL08,3 length=84611 depth=0.91x circular=true,plasmid,P_1,True,True,True,0.91,84611,"['tet(B)', 'IncFIC(FII)']",,,,,,,,,,,,,,84317..84611,,,,,,,,,,,,,,,,,,,,,,,,,,,,,,,,,,,,,,,,,,,,,,,,29915..31120,
4,ESBL08,4 length=15251 depth=1.97x circular=true,plasmid,P_2,False,False,True,1.97,15251,[],,,,,,,,,,,,,,,,,,,,,,,,,,,,,,,,,,,,,,,,,,,,,,,,,,,,,,,,,,,,,,,
5,ESBL08,5 length=2479 depth=0.32x,misc,M_0,False,False,False,0.32,2479,[],,,,,,,,,,,,,,,,,,,,,,,,,,,,,,,,,,,,,,,,,,,,,,,,,,,,,,,,,,,,,,,
6,ESBL08,6 length=1921 depth=0.52x,misc,M_1,False,False,False,0.52,1921,[],,,,,,,,,,,,,,,,,,,,,,,,,,,,,,,,,,,,,,,,,,,,,,,,,,,,,,,,,,,,,,,
7,ESBL08,7 length=1648 depth=1.38x,misc,M_2,False,False,False,1.38,1648,[],,,,,,,,,,,,,,,,,,,,,,,,,,,,,,,,,,,,,,,,,,,,,,,,,,,,,,,,,,,,,,,
8,ESBL08,8 length=1157 depth=1.01x,misc,M_3,False,False,False,1.01,1157,[],,,,,,,,,,,,,,,,,,,,,,,,,,,,,,,,,,,,,,,,,,,,,,,,,,,,,,,,,,,,,,,
9,ESBL08,9 length=492 depth=1.01x,misc,M_4,False,False,False,1.01,492,[],,,,,,,,,,,,,,,,,,,,,,,,,,,,,,,,,,,,,,,,,,,,,,,,,,,,,,,,,,,,,,,
10,ESBL08,10 length=335 depth=1.19x,misc,M_5,False,False,False,1.19,335,[],,,,,,,,,,,,,,,,,,,,,,,,,,,,,,,,,,,,,,,,,,,,,,,,,,,,,,,,,,,,,,,
11,ESBL08,11 length=225 depth=1.22x,misc,M_6,False,False,False,1.22,225,[],,,,,,,,,,,,,,,,,,,,,,,,,,,,,,,,,,,,,,,,,,,,,,,,,,,,,,,,,,,,,,,
12,ESBL08,12 length=149 depth=0.93x,misc,M_7,False,False,False,0.93,149,[],,,,,,,,,,,,,,,,,,,,,,,,,,,,,,,,,,,,,,,,,,,,,,,,,,,,,,,,,,,,,,,
1,ESBL09,1 length=5275762 depth=1.00x circular=true,chromosome,C_0,False,True,True,1.00,5275762,"['blaCTX-M-15', 'mdf(A)', 'tet(34)']",,,,,,,,,,,,,,,,,,,,,,,,,,,,,,,,,,,,,,176897..177772,,,,,,,,,,,,,,,5203440..5204672,,,,,,,4555914..4556269,,,
2,ESBL09,2 length=116050 depth=1.12x circular=true,plasmid,P_0,True,True,True,1.12,116050,"['blaTEM-1B', 'IncFIB(AP001918)', 'IncFII(29)', 'Col156']",,,,,,23385..23526,,,,,1..603,,,,,46813..47071,,,,,,,,,,,,,,,,,,,,,,,,,,,40954..41812,,,,,,,,,,,,,,,,,,,,
4,ESBL09,4 length=4073 depth=3.42x circular=true,plasmid,P_1,True,False,True,3.42,4073,['ColRNAI'],,,,,,,,1876..2006,,,,,,,,,,,,,,,,,,,,,,,,,,,,,,,,,,,,,,,,,,,,,,,,,,,,,,,
7,ESBL09,7 length=2077 depth=9.33x circular=true,plasmid,P_2,True,False,True,9.33,2077,['Col(BS512)'],,216..448,,,,,,,,,,,,,,,,,,,,,,,,,,,,,,,,,,,,,,,,,,,,,,,,,,,,,,,,,,,,,
8,ESBL09,8 length=1597 depth=13.86x circular=true,plasmid,P_3,True,False,True,13.86,1597,['Col(MG828)'],,,,824..1075,,,,,,,,,,,,,,,,,,,,,,,,,,,,,,,,,,,,,,,,,,,,,,,,,,,,,,,,,,,
9,ESBL09,9 length=1549 depth=15.14x circular=true,plasmid,P_4,True,False,True,15.14,1549,['Col(MG828)'],,,,708..969,,,,,,,,,,,,,,,,,,,,,,,,,,,,,,,,,,,,,,,,,,,,,,,,,,,,,,,,,,,
10,ESBL09,10 length=1433 depth=19.28x circular=true,plasmid,P_5,True,False,True,19.28,1433,['Col(MG828)'],,,,593..852,,,,,,,,,,,,,,,,,,,,,,,,,,,,,,,,,,,,,,,,,,,,,,,,,,,,,,,,,,,
3,ESBL09,3 length=61628 depth=1.26x,misc,M_0,False,True,False,1.26,61628,['blaTEM-1B'],,,,,,,,,,,,,,,,,,,,,,,,,,,,,,,,,,,,,,,,,,,60624..61484,,,,,,,,,,,,,,,,,,,,
5,ESBL09,5 length=3603 depth=0.35x,misc,M_1,False,False,False,0.35,3603,[],,,,,,,,,,,,,,,,,,,,,,,,,,,,,,,,,,,,,,,,,,,,,,,,,,,,,,,,,,,,,,,
6,ESBL09,6 length=2469 depth=0.26x,misc,M_2,False,False,False,0.26,2469,[],,,,,,,,,,,,,,,,,,,,,,,,,,,,,,,,,,,,,,,,,,,,,,,,,,,,,,,,,,,,,,,
11,ESBL09,11 length=536 depth=1.21x,misc,M_3,False,False,False,1.21,536,[],,,,,,,,,,,,,,,,,,,,,,,,,,,,,,,,,,,,,,,,,,,,,,,,,,,,,,,,,,,,,,,
1,ESBL26,1 length=5072679 depth=1.00x circular=true,chromosome,C_0,False,True,True,1.00,5072679,['mdf(A)'],,,,,,,,,,,,,,,,,,,,,,,,,,,,,,,,,,,,,,,,,,,,,,,,,,,,,1440648..1441880,,,,,,,,,,
2,ESBL26,2 length=130945 depth=1.41x circular=true,plasmid,P_0,True,True,True,1.41,130945,"[""ant(3'')-Ia"", 'IncFIC(FII)', 'dfrA14', 'mph(A)', 'blaCTX-M-14', 'IncFIB(AP001918)', 'tet(B)', 'IncFIA']",,,,,,,,,,65469..65856,49366..50046,,,130651..130945,,,,,,,,,,,,,,,,16039..16206,,,,,,125666..126541,,,,,,,,,,,,,16213..16695,,,,,,11357..12278,,,,,,,24474..25679,
3,ESBL26,3 length=95858 depth=0.76x circular=true,plasmid,P_1,True,False,True,0.76,95858,['p0111'],,,,,,,,,,,,,,,,,,,,,,,,,,,,,,,,,,,,,,,,,,,,,,,,,,,,,,,,89182..90066,,,,,,,
4,ESBL26,4 length=93541 depth=0.97x circular=true,plasmid,P_2,True,False,True,0.97,93541,['IncB/O/K/Z'],,,,,,,,,93264..93418,,,,,,,,,,,,,,,,,,,,,,,,,,,,,,,,,,,,,,,,,,,,,,,,,,,,,,
5,ESBL26,5 length=7939 depth=3.15x circular=true,plasmid,P_3,True,False,True,3.15,7939,['ColRNAI'],,,,,,,,7818..7935,,,,,,,,,,,,,,,,,,,,,,,,,,,,,,,,,,,,,,,,,,,,,,,,,,,,,,,
6,ESBL26,6 length=7450 depth=3.96x circular=true,plasmid,P_4,True,False,True,3.96,7450,['Col156'],,,,,,511..664,,,,,,,,,,,,,,,,,,,,,,,,,,,,,,,,,,,,,,,,,,,,,,,,,,,,,,,,,
8,ESBL26,8 length=5631 depth=3.17x circular=true,plasmid,P_5,True,False,True,3.17,5631,['ColRNAI'],,,,,,,,4986..5105,,,,,,,,,,,,,,,,,,,,,,,,,,,,,,,,,,,,,,,,,,,,,,,,,,,,,,,
9,ESBL26,9 length=4072 depth=4.68x circular=true,plasmid,P_6,True,False,True,4.68,4072,['Col8282'],,,,,,,2408..2612,,,,,,,,,,,,,,,,,,,,,,,,,,,,,,,,,,,,,,,,,,,,,,,,,,,,,,,,
10,ESBL26,10 length=1552 depth=9.73x circular=true,plasmid,P_7,True,False,True,9.73,1552,['Col(MG828)'],,,,176..437,,,,,,,,,,,,,,,,,,,,,,,,,,,,,,,,,,,,,,,,,,,,,,,,,,,,,,,,,,,
7,ESBL26,7 length=6747 depth=0.53x,misc,M_0,False,False,False,0.53,6747,[],,,,,,,,,,,,,,,,,,,,,,,,,,,,,,,,,,,,,,,,,,,,,,,,,,,,,,,,,,,,,,,
1,ESBL01,1 length=2569911 depth=1.00x,chromosome,C_0,False,False,False,1.00,2569911,[],,,,,,,,,,,,,,,,,,,,,,,,,,,,,,,,,,,,,,,,,,,,,,,,,,,,,,,,,,,,,,,
2,ESBL01,2 length=2353556 depth=0.81x,chromosome,C_1,False,True,False,0.81,2353556,['mdf(A)'],,,,,,,,,,,,,,,,,,,,,,,,,,,,,,,,,,,,,,,,,,,,,,,,,,,,,2266205..2267437,,,,,,,,,,
3,ESBL01,3 length=153883 depth=0.81x circular=true,plasmid,P_0,True,False,True,0.81,153883,"['IncFIB(AP001918)', 'IncFIA', 'IncFIC(FII)']",,,,,,,,,,30901..31284,153805..153883,,,84626..85122,,,,,,,,,,,,,,,,,,,,,,,,,,,,,,,,,,,,,,,,,,,,,,,,,
4,ESBL01,4 length=111004 depth=1.17x circular=true,plasmid,P_1,True,True,True,1.17,111004,"[""ant(3'')-Ia"", 'IncI1', 'aadA5', 'dfrA17', 'sul2', 'blaCTX-M-1']",,,,,,,,,,,,,,,,,,110793..110934,,,,,,,,,,9120..9908,,8331..8497,,,,,92124..92999,,,,,,,,,,,,,,,8516..8989,,,,,,,,12310..13125,,,,,
5,ESBL01,5 length=86047 depth=1.09x circular=true,plasmid,P_2,True,False,True,1.09,86047,['IncFIC(FII)'],,,,,,,,,,,,,,85782..86047,,,,,,,,,,,,,,,,,,,,,,,,,,,,,,,,,,,,,,,,,,,,,,,,,
6,ESBL01,6 length=82723 depth=1.07x circular=true,plasmid,P_3,False,False,True,1.07,82723,[],,,,,,,,,,,,,,,,,,,,,,,,,,,,,,,,,,,,,,,,,,,,,,,,,,,,,,,,,,,,,,,
7,ESBL01,7 length=6889 depth=4.41x circular=true,plasmid,P_4,True,False,True,4.41,6889,['ColRNAI'],,,,,,,,2795..2925,,,,,,,,,,,,,,,,,,,,,,,,,,,,,,,,,,,,,,,,,,,,,,,,,,,,,,,
8,ESBL01,8 length=2623 depth=0.31x,misc,M_0,False,False,False,0.31,2623,[],,,,,,,,,,,,,,,,,,,,,,,,,,,,,,,,,,,,,,,,,,,,,,,,,,,,,,,,,,,,,,,
9,ESBL01,9 length=2048 depth=0.37x,misc,M_1,False,False,False,0.37,2048,[],,,,,,,,,,,,,,,,,,,,,,,,,,,,,,,,,,,,,,,,,,,,,,,,,,,,,,,,,,,,,,,
10,ESBL01,10 length=1798 depth=0.45x,misc,M_2,False,False,False,0.45,1798,[],,,,,,,,,,,,,,,,,,,,,,,,,,,,,,,,,,,,,,,,,,,,,,,,,,,,,,,,,,,,,,,
11,ESBL01,11 length=1645 depth=1.14x,misc,M_3,False,False,False,1.14,1645,[],,,,,,,,,,,,,,,,,,,,,,,,,,,,,,,,,,,,,,,,,,,,,,,,,,,,,,,,,,,,,,,
12,ESBL01,12 length=1134 depth=0.60x,misc,M_4,False,False,False,0.60,1134,[],,,,,,,,,,,,,,,,,,,,,,,,,,,,,,,,,,,,,,,,,,,,,,,,,,,,,,,,,,,,,,,
13,ESBL01,13 length=1078 depth=0.36x,misc,M_5,False,False,False,0.36,1078,[],,,,,,,,,,,,,,,,,,,,,,,,,,,,,,,,,,,,,,,,,,,,,,,,,,,,,,,,,,,,,,,
14,ESBL01,14 length=828 depth=1.21x,misc,M_6,False,False,False,1.21,828,[],,,,,,,,,,,,,,,,,,,,,,,,,,,,,,,,,,,,,,,,,,,,,,,,,,,,,,,,,,,,,,,
15,ESBL01,15 length=280 depth=1.14x,misc,M_7,False,False,False,1.14,280,[],,,,,,,,,,,,,,,,,,,,,,,,,,,,,,,,,,,,,,,,,,,,,,,,,,,,,,,,,,,,,,,
16,ESBL01,16 length=225 depth=1.17x,misc,M_8,False,False,False,1.17,225,[],,,,,,,,,,,,,,,,,,,,,,,,,,,,,,,,,,,,,,,,,,,,,,,,,,,,,,,,,,,,,,,
17,ESBL01,17 length=140 depth=1.01x,misc,M_9,False,False,False,1.01,140,[],,,,,,,,,,,,,,,,,,,,,,,,,,,,,,,,,,,,,,,,,,,,,,,,,,,,,,,,,,,,,,,
1,ESBL02,1 length=3060574 depth=1.00x,chromosome,C_0,False,True,False,1.00,3060574,['mdf(A)'],,,,,,,,,,,,,,,,,,,,,,,,,,,,,,,,,,,,,,,,,,,,,,,,,,,,,1407668..1408900,,,,,,,,,,
2,ESBL02,2 length=1850202 depth=1.18x,chromosome,C_1,False,False,False,1.18,1850202,[],,,,,,,,,,,,,,,,,,,,,,,,,,,,,,,,,,,,,,,,,,,,,,,,,,,,,,,,,,,,,,,
3,ESBL02,3 length=149977 depth=1.01x,plasmid,P_0,True,True,False,1.01,149977,"[""ant(3'')-Ia"", ""aph(3')-Ia"", ""aph(3'')-Ib"", 'dfrA14', 'mph(A)', 'sul2', 'blaTEM-1B', 'IncQ1', 'IncFIB(AP001918)', 'tet(B)', 'IncFII(pRSB107)', 'IncFIA', 'catA1']",,,,,,,,,,60136..60523,82307..82988,,,,,,976..1236,,,133791..134240,,,,,,,,,,128619..128786,136455..137258,139010..139825,,,,,,,,,,,131502..132362,118667..119326,,,,,128130..128612,,,,,,123519..124440,,,135579..136394,,,,115489..116694,
4,ESBL02,4 length=91868 depth=1.11x circular=true,plasmid,P_1,True,True,True,1.11,91868,"['blaTEM-1B', 'blaCTX-M-15', 'IncI1']",,,,,,,,,,,,,,,,,,91657..91798,,,,,,,,,,,,,,,,,,,,11229..12104,,,,,14926..15786,,,,,,,,,,,,,,,,,,,,
5,ESBL02,5 length=30696 depth=1.52x,misc,M_0,False,False,False,1.52,30696,[],,,,,,,,,,,,,,,,,,,,,,,,,,,,,,,,,,,,,,,,,,,,,,,,,,,,,,,,,,,,,,,
6,ESBL02,6 length=3237 depth=0.44x,misc,M_1,False,False,False,0.44,3237,[],,,,,,,,,,,,,,,,,,,,,,,,,,,,,,,,,,,,,,,,,,,,,,,,,,,,,,,,,,,,,,,
7,ESBL02,7 length=1467 depth=1.20x,misc,M_2,False,False,False,1.20,1467,[],,,,,,,,,,,,,,,,,,,,,,,,,,,,,,,,,,,,,,,,,,,,,,,,,,,,,,,,,,,,,,,
8,ESBL02,8 length=1321 depth=0.29x,misc,M_3,False,False,False,0.29,1321,[],,,,,,,,,,,,,,,,,,,,,,,,,,,,,,,,,,,,,,,,,,,,,,,,,,,,,,,,,,,,,,,
9,ESBL02,9 length=1141 depth=0.63x,misc,M_4,False,False,False,0.63,1141,[],,,,,,,,,,,,,,,,,,,,,,,,,,,,,,,,,,,,,,,,,,,,,,,,,,,,,,,,,,,,,,,
10,ESBL02,10 length=241 depth=1.37x,misc,M_5,False,False,False,1.37,241,[],,,,,,,,,,,,,,,,,,,,,,,,,,,,,,,,,,,,,,,,,,,,,,,,,,,,,,,,,,,,,,,
11,ESBL02,11 length=160 depth=1.26x,misc,M_6,False,False,False,1.26,160,[],,,,,,,,,,,,,,,,,,,,,,,,,,,,,,,,,,,,,,,,,,,,,,,,,,,,,,,,,,,,,,,
12,ESBL02,12 length=146 depth=1.58x,misc,M_7,False,False,False,1.58,146,[],,,,,,,,,,,,,,,,,,,,,,,,,,,,,,,,,,,,,,,,,,,,,,,,,,,,,,,,,,,,,,,
1,ESBL03,1 length=5247635 depth=1.00x circular=true,chromosome,C_0,False,True,True,1.00,5247635,"['blaCTX-M-15', ""aac(6')-Ib-cr"", 'catB3', 'mdf(A)', 'blaOXA-1']",,,,,,,,,,,,,,,,,,,,,,,,,,,990872..991471,,,,,,,,,,,997297..998172,,,991602..992432,,,,992570..993014,,,,,,,,4676237..4677469,,,,,,,,,,
2,ESBL03,2 length=122196 depth=1.03x circular=true,plasmid,P_0,True,False,True,1.03,122196,"['IncFIB(AP001918)', 'IncFIA', 'IncFIC(FII)']",,,,,,,,,,109031..109414,1..603,,,45636..46136,,,,,,,,,,,,,,,,,,,,,,,,,,,,,,,,,,,,,,,,,,,,,,,,,
3,ESBL03,3 length=7365 depth=0.28x,misc,M_0,False,False,False,0.28,7365,[],,,,,,,,,,,,,,,,,,,,,,,,,,,,,,,,,,,,,,,,,,,,,,,,,,,,,,,,,,,,,,,
4,ESBL03,4 length=4132 depth=0.33x,misc,M_1,False,False,False,0.33,4132,[],,,,,,,,,,,,,,,,,,,,,,,,,,,,,,,,,,,,,,,,,,,,,,,,,,,,,,,,,,,,,,,
1,ESBL22,1 length=4966832 depth=1.00x circular=true,chromosome,C_0,False,True,True,1.00,4966832,['mdf(A)'],,,,,,,,,,,,,,,,,,,,,,,,,,,,,,,,,,,,,,,,,,,,,,,,,,,,,4432821..4434053,,,,,,,,,,
2,ESBL22,2 length=134895 depth=1.23x circular=true,plasmid,P_0,True,True,True,1.23,134895,"[""ant(3'')-Ia"", 'mph(A)', ""aph(3'')-Ib"", 'aadA5', 'dfrA17', 'Col156', 'sul1', 'sul2', 'IncFIB(AP001918)', 'tet(A)', 'blaCTX-M-27', 'IncFII(pRSB107)', 'IncFIA']",,,,,,23427..23580,,,,113719..114106,134817..134895,,,,,,66113..66373,,,,,,,,,,,43670..44458,,42881..43047,54307..55110,,,,,,,,59777..60652,,,,,,,,,,,43066..43539,,,,,51139..52060,,44978..45844,53431..54246,,,56925..58171,,
3,ESBL22,3 length=5167 depth=3.38x circular=true,plasmid,P_1,True,False,True,3.38,5167,['Col156'],,,,,,511..664,,,,,,,,,,,,,,,,,,,,,,,,,,,,,,,,,,,,,,,,,,,,,,,,,,,,,,,,,
4,ESBL22,4 length=3009 depth=0.29x,misc,M_0,False,False,False,0.29,3009,[],,,,,,,,,,,,,,,,,,,,,,,,,,,,,,,,,,,,,,,,,,,,,,,,,,,,,,,,,,,,,,,
1,ESBL05,1 length=4929901 depth=1.00x circular=true,chromosome,C_0,False,True,True,1.00,4929901,"['mdf(A)', 'tet(34)']",,,,,,,,,,,,,,,,,,,,,,,,,,,,,,,,,,,,,,,,,,,,,,,,,,,,,3154079..3155311,,,,,,,3779372..3779727,,,
2,ESBL05,2 length=110644 depth=0.70x circular=true,plasmid,P_0,True,False,True,0.70,110644,['IncFIB(pKPHS1)'],,,,,,,,,,,,,110525..110644,,,,,,,,,,,,,,,,,,,,,,,,,,,,,,,,,,,,,,,,,,,,,,,,,,
3,ESBL05,3 length=90578 depth=1.16x circular=true,plasmid,P_1,True,True,True,1.16,90578,"['blaCTX-M-1', 'IncI1']",,,,,,,,,,,,,,,,,,90367..90508,,,,,,,,,,,,,,,,,84207..85082,,,,,,,,,,,,,,,,,,,,,,,,,,,,
4,ESBL05,4 length=52036 depth=0.67x circular=true,plasmid,P_2,True,True,True,0.67,52036,"['IncX1', ""ant(3'')-Ia"", 'IncX3', 'lnu(F)', 'blaTEM-1B']",,,,,,,,,,,,,,,,,,,,,,1730..2103,1..233,,,,,,,20935..21746,,,,,,,,,,,,,14815..15675,,,,,,,,,19982..20803,,,,,,,,,,,
5,ESBL05,5 length=38990 depth=1.11x circular=true,plasmid,P_3,True,True,True,1.11,38990,"['mef(B)', 'IncR', 'aadA8b', ""ant(3'')-Ia"", 'dfrA12', 'sul3', 'blaTEM-1B', 'cmlA1', 'IncN']",,,,,,,,,,,,,,,,,,,13619..13756,,21696..21946,,,,,,,,36751..37542,34346..35147,,,,,,,,,,,,,8483..9343,,,35230..36489,,37950..38447,,,,,,29850..30112,,,,,31873..32664,,,,
6,ESBL05,6 length=7928 depth=0.29x,misc,M_0,False,False,False,0.29,7928,[],,,,,,,,,,,,,,,,,,,,,,,,,,,,,,,,,,,,,,,,,,,,,,,,,,,,,,,,,,,,,,,
7,ESBL05,7 length=2569 depth=0.37x,misc,M_1,False,False,False,0.37,2569,[],,,,,,,,,,,,,,,,,,,,,,,,,,,,,,,,,,,,,,,,,,,,,,,,,,,,,,,,,,,,,,,
1,ESBL20,1 length=5033653 depth=1.00x circular=true,chromosome,C_0,False,True,True,1.00,5033653,['mdf(A)'],,,,,,,,,,,,,,,,,,,,,,,,,,,,,,,,,,,,,,,,,,,,,,,,,,,,,4501405..4502637,,,,,,,,,,
2,ESBL20,2 length=130219 depth=1.14x circular=true,plasmid,P_0,True,True,True,1.14,130219,"[""ant(3'')-Ia"", 'mph(A)', ""aph(3'')-Ib"", 'aadA5', 'dfrA17', 'Col156', 'sul1', 'sul2', 'IncFIB(AP001918)', 'tet(A)', 'blaCTX-M-27', 'IncFII(pRSB107)', 'IncFIA']",,,,,,23427..23580,,,,114479..114866,130141..130219,,,,,,85669..85929,,,,,,,,,,,107584..108372,,108995..109161,96932..97735,,,,,,,,91390..92265,,,,,,,,,,,108503..108976,,,,,99982..100903,,106198..107064,97796..98611,,,93871..95117,,
3,ESBL20,3 length=87713 depth=1.10x circular=true,plasmid,P_1,True,False,True,1.10,87713,['IncI1'],,,,,,,,,,,,,,,,,,87457..87598,,,,,,,,,,,,,,,,,,,,,,,,,,,,,,,,,,,,,,,,,,,,,
4,ESBL20,4 length=5167 depth=2.78x circular=true,plasmid,P_2,True,False,True,2.78,5167,['Col156'],,,,,,511..664,,,,,,,,,,,,,,,,,,,,,,,,,,,,,,,,,,,,,,,,,,,,,,,,,,,,,,,,,
7,ESBL20,7 length=1549 depth=10.78x circular=true,plasmid,P_3,True,False,True,10.78,1549,['Col(MG828)'],,,,708..969,,,,,,,,,,,,,,,,,,,,,,,,,,,,,,,,,,,,,,,,,,,,,,,,,,,,,,,,,,,
5,ESBL20,5 length=4768 depth=0.25x,misc,M_0,False,False,False,0.25,4768,[],,,,,,,,,,,,,,,,,,,,,,,,,,,,,,,,,,,,,,,,,,,,,,,,,,,,,,,,,,,,,,,
6,ESBL20,6 length=3807 depth=0.41x,misc,M_1,False,False,False,0.41,3807,[],,,,,,,,,,,,,,,,,,,,,,,,,,,,,,,,,,,,,,,,,,,,,,,,,,,,,,,,,,,,,,,
1,ESBL21,1 length=4964246 depth=1.00x circular=true,chromosome,C_0,False,True,True,1.00,4964246,['mdf(A)'],,,,,,,,,,,,,,,,,,,,,,,,,,,,,,,,,,,,,,,,,,,,,,,,,,,,,4416747..4417979,,,,,,,,,,
2,ESBL21,2 length=157030 depth=1.35x circular=true,plasmid,P_0,True,True,True,1.35,157030,"['IncI1', 'IncFIB(AP001918)', 'blaTEM-1B', 'aac(3)-IId', 'blaCTX-M-8', 'IncFII(pRSB107)', 'IncFIA']",,,,,,,,,,80734..81121,101832..102513,,,,,,116730..116990,156819..156960,,,,,,,,108834..109694,,,,,,,,,,,,,,139130..140005,,,110866..111726,,,,,,,,,,,,,,,,,,,,
3,ESBL21,3 length=33093 depth=0.97x circular=true,plasmid,P_1,True,False,True,0.97,33093,['IncX4'],,,,,,,,,,,,,,,,,,,,,,,,20048..20421,,,,,,,,,,,,,,,,,,,,,,,,,,,,,,,,,,,,,,,
4,ESBL21,4 length=29081 depth=0.70x circular=true,plasmid,P_2,False,False,True,0.70,29081,[],,,,,,,,,,,,,,,,,,,,,,,,,,,,,,,,,,,,,,,,,,,,,,,,,,,,,,,,,,,,,,,
5,ESBL21,5 length=8554 depth=2.45x circular=true,plasmid,P_3,True,False,True,2.45,8554,['ColRNAI'],,,,,,,,8003..8133,,,,,,,,,,,,,,,,,,,,,,,,,,,,,,,,,,,,,,,,,,,,,,,,,,,,,,,
6,ESBL21,6 length=6229 depth=4.14x circular=true,plasmid,P_4,True,False,True,4.14,6229,['Col156'],,,,,,3878..4031,,,,,,,,,,,,,,,,,,,,,,,,,,,,,,,,,,,,,,,,,,,,,,,,,,,,,,,,,
7,ESBL21,7 length=5165 depth=2.68x circular=true,plasmid,P_5,True,False,True,2.68,5165,['Col156'],,,,,,511..664,,,,,,,,,,,,,,,,,,,,,,,,,,,,,,,,,,,,,,,,,,,,,,,,,,,,,,,,,
8,ESBL21,8 length=2646 depth=10.60x,plasmid,P_6,True,False,False,10.60,2646,['Col(KPHS6)'],,,877..1054,,,,,,,,,,,,,,,,,,,,,,,,,,,,,,,,,,,,,,,,,,,,,,,,,,,,,,,,,,,,
9,ESBL21,9 length=2637 depth=0.28x,misc,M_0,False,False,False,0.28,2637,[],,,,,,,,,,,,,,,,,,,,,,,,,,,,,,,,,,,,,,,,,,,,,,,,,,,,,,,,,,,,,,,
10,ESBL21,10 length=1769 depth=0.37x,misc,M_1,False,False,False,0.37,1769,[],,,,,,,,,,,,,,,,,,,,,,,,,,,,,,,,,,,,,,,,,,,,,,,,,,,,,,,,,,,,,,,
1,ESBL25,1 length=5072974 depth=1.00x circular=true,chromosome,C_0,False,True,True,1.00,5072974,['mdf(A)'],,,,,,,,,,,,,,,,,,,,,,,,,,,,,,,,,,,,,,,,,,,,,,,,,,,,,1440653..1441885,,,,,,,,,,
2,ESBL25,2 length=130945 depth=1.59x circular=true,plasmid,P_0,True,True,True,1.59,130945,"[""ant(3'')-Ia"", 'IncFIC(FII)', 'dfrA14', 'mph(A)', 'blaCTX-M-14', 'IncFIB(AP001918)', 'tet(B)', 'IncFIA']",,,,,,,,,,65469..65856,49366..50046,,,130651..130945,,,,,,,,,,,,,,,,16039..16206,,,,,,125666..126541,,,,,,,,,,,,,16213..16695,,,,,,11357..12278,,,,,,,24474..25679,
3,ESBL25,3 length=95857 depth=0.79x circular=true,plasmid,P_1,True,False,True,0.79,95857,['p0111'],,,,,,,,,,,,,,,,,,,,,,,,,,,,,,,,,,,,,,,,,,,,,,,,,,,,,,,,32310..33194,,,,,,,
4,ESBL25,4 length=93541 depth=1.08x circular=true,plasmid,P_2,True,False,True,1.08,93541,['IncB/O/K/Z'],,,,,,,,,93264..93418,,,,,,,,,,,,,,,,,,,,,,,,,,,,,,,,,,,,,,,,,,,,,,,,,,,,,,
5,ESBL25,5 length=7939 depth=3.52x circular=true,plasmid,P_3,True,False,True,3.52,7939,['ColRNAI'],,,,,,,,17..147,,,,,,,,,,,,,,,,,,,,,,,,,,,,,,,,,,,,,,,,,,,,,,,,,,,,,,,
6,ESBL25,6 length=7450 depth=4.69x circular=true,plasmid,P_4,True,False,True,4.69,7450,['Col156'],,,,,,511..664,,,,,,,,,,,,,,,,,,,,,,,,,,,,,,,,,,,,,,,,,,,,,,,,,,,,,,,,,
7,ESBL25,7 length=5631 depth=3.59x circular=true,plasmid,P_5,True,False,True,3.59,5631,['ColRNAI'],,,,,,,,4481..4600,,,,,,,,,,,,,,,,,,,,,,,,,,,,,,,,,,,,,,,,,,,,,,,,,,,,,,,
8,ESBL25,8 length=4072 depth=5.55x circular=true,plasmid,P_6,True,False,True,5.55,4072,['Col8282'],,,,,,,1621..1825,,,,,,,,,,,,,,,,,,,,,,,,,,,,,,,,,,,,,,,,,,,,,,,,,,,,,,,,
10,ESBL25,10 length=1552 depth=10.13x circular=true,plasmid,P_7,True,False,True,10.13,1552,['Col(MG828)'],,,,176..437,,,,,,,,,,,,,,,,,,,,,,,,,,,,,,,,,,,,,,,,,,,,,,,,,,,,,,,,,,,
9,ESBL25,9 length=1798 depth=0.35x,misc,M_0,False,False,False,0.35,1798,[],,,,,,,,,,,,,,,,,,,,,,,,,,,,,,,,,,,,,,,,,,,,,,,,,,,,,,,,,,,,,,,
11,ESBL25,11 length=184 depth=1.53x,misc,M_1,False,False,False,1.53,184,[],,,,,,,,,,,,,,,,,,,,,,,,,,,,,,,,,,,,,,,,,,,,,,,,,,,,,,,,,,,,,,,
1,ESBL17,1 length=4478250 depth=1.00x,chromosome,C_0,False,False,False,1.00,4478250,[],,,,,,,,,,,,,,,,,,,,,,,,,,,,,,,,,,,,,,,,,,,,,,,,,,,,,,,,,,,,,,,
2,ESBL17,2 length=749657 depth=0.94x circular=true,plasmid,P_0,False,True,True,0.94,749657,['mdf(A)'],,,,,,,,,,,,,,,,,,,,,,,,,,,,,,,,,,,,,,,,,,,,,,,,,,,,,643325..644557,,,,,,,,,,
3,ESBL17,3 length=123101 depth=1.14x,plasmid,P_1,True,True,False,1.14,123101,"[""ant(3'')-Ia"", 'mph(A)', 'IncFIC(FII)', 'aadA5', ""aac(6')-Ib-cr"", 'dfrA17', 'sul1', 'blaCTX-M-15', 'aac(3)-IIa', 'IncFIB(AP001918)', 'tet(A)', 'catB3', 'blaOXA-1']",,,,,,,,,,,12951..13632,,,86807..87307,,,,,,,,,,,23503..24363,,58004..58603,43933..44721,,43144..43310,,,,,,,,55850..56725,,,58734..59564,,,,59702..60146,,,,,43329..43802,,,,,51402..52323,,45241..46107,,,,63477..64723,,
4,ESBL17,4 length=91258 depth=0.71x,plasmid,P_2,True,False,False,0.71,91258,['p0111'],,,,,,,,,,,,,,,,,,,,,,,,,,,,,,,,,,,,,,,,,,,,,,,,,,,,,,,,63767..64651,,,,,,,
5,ESBL17,5 length=30633 depth=1.01x,plasmid,P_3,True,False,False,1.01,30633,['IncFIA'],,,,,,,,,,24245..24628,,,,,,,,,,,,,,,,,,,,,,,,,,,,,,,,,,,,,,,,,,,,,,,,,,,,,
7,ESBL17,7 length=2101 depth=4.84x circular=true,plasmid,P_4,True,False,True,4.84,2101,['Col(BS512)'],,520..712,,,,,,,,,,,,,,,,,,,,,,,,,,,,,,,,,,,,,,,,,,,,,,,,,,,,,,,,,,,,,
6,ESBL17,6 length=4937 depth=0.56x,misc,M_0,False,False,False,0.56,4937,[],,,,,,,,,,,,,,,,,,,,,,,,,,,,,,,,,,,,,,,,,,,,,,,,,,,,,,,,,,,,,,,
8,ESBL17,8 length=1486 depth=0.52x,misc,M_1,False,False,False,0.52,1486,[],,,,,,,,,,,,,,,,,,,,,,,,,,,,,,,,,,,,,,,,,,,,,,,,,,,,,,,,,,,,,,,
9,ESBL17,9 length=1423 depth=0.27x,misc,M_2,False,False,False,0.27,1423,[],,,,,,,,,,,,,,,,,,,,,,,,,,,,,,,,,,,,,,,,,,,,,,,,,,,,,,,,,,,,,,,
10,ESBL17,10 length=1143 depth=0.43x,misc,M_3,False,False,False,0.43,1143,[],,,,,,,,,,,,,,,,,,,,,,,,,,,,,,,,,,,,,,,,,,,,,,,,,,,,,,,,,,,,,,,
11,ESBL17,11 length=396 depth=1.09x,misc,M_4,False,False,False,1.09,396,[],,,,,,,,,,,,,,,,,,,,,,,,,,,,,,,,,,,,,,,,,,,,,,,,,,,,,,,,,,,,,,,
12,ESBL17,12 length=300 depth=3.95x,misc,M_5,False,False,False,3.95,300,[],,,,,,,,,,,,,,,,,,,,,,,,,,,,,,,,,,,,,,,,,,,,,,,,,,,,,,,,,,,,,,,
1,ESBL16,1 length=4995626 depth=1.00x,chromosome,C_0,False,True,False,1.00,4995626,"['mdf(A)', 'tet(34)']",,,,,,,,,,,,,,,,,,,,,,,,,,,,,,,,,,,,,,,,,,,,,,,,,,,,,198894..200126,,,,,,,4502914..4503269,,,
2,ESBL16,2 length=88888 depth=1.04x circular=true,plasmid,P_0,True,True,True,1.04,88888,"['blaCTX-M-1', 'IncI1']",,,,,,,,,,,,,,,,,,88632..88773,,,,,,,,,,,,,,,,,8257..9132,,,,,,,,,,,,,,,,,,,,,,,,,,,,
4,ESBL16,4 length=5330 depth=2.50x circular=true,plasmid,P_1,True,False,True,2.50,5330,"['Col(MGD2)', 'ColRNAI']",,,,,4715..4815,,,3855..3983,,,,,,,,,,,,,,,,,,,,,,,,,,,,,,,,,,,,,,,,,,,,,,,,,,,,,,,
5,ESBL16,5 length=4734 depth=3.65x circular=true,plasmid,P_2,True,False,True,3.65,4734,['Col156'],,,,,,4039..4190,,,,,,,,,,,,,,,,,,,,,,,,,,,,,,,,,,,,,,,,,,,,,,,,,,,,,,,,,
3,ESBL16,3 length=8591 depth=0.35x,misc,M_0,False,False,False,0.35,8591,[],,,,,,,,,,,,,,,,,,,,,,,,,,,,,,,,,,,,,,,,,,,,,,,,,,,,,,,,,,,,,,,
6,ESBL16,6 length=3352 depth=0.31x,misc,M_1,False,False,False,0.31,3352,[],,,,,,,,,,,,,,,,,,,,,,,,,,,,,,,,,,,,,,,,,,,,,,,,,,,,,,,,,,,,,,,
7,ESBL16,7 length=2217 depth=0.29x,misc,M_2,False,False,False,0.29,2217,[],,,,,,,,,,,,,,,,,,,,,,,,,,,,,,,,,,,,,,,,,,,,,,,,,,,,,,,,,,,,,,,
8,ESBL16,8 length=1888 depth=0.28x,misc,M_3,False,False,False,0.28,1888,[],,,,,,,,,,,,,,,,,,,,,,,,,,,,,,,,,,,,,,,,,,,,,,,,,,,,,,,,,,,,,,,
9,ESBL16,9 length=1703 depth=0.26x,misc,M_4,False,False,False,0.26,1703,[],,,,,,,,,,,,,,,,,,,,,,,,,,,,,,,,,,,,,,,,,,,,,,,,,,,,,,,,,,,,,,,
10,ESBL16,10 length=1281 depth=0.34x,misc,M_5,False,False,False,0.34,1281,[],,,,,,,,,,,,,,,,,,,,,,,,,,,,,,,,,,,,,,,,,,,,,,,,,,,,,,,,,,,,,,,
11,ESBL16,11 length=1077 depth=0.47x,misc,M_6,False,False,False,0.47,1077,[],,,,,,,,,,,,,,,,,,,,,,,,,,,,,,,,,,,,,,,,,,,,,,,,,,,,,,,,,,,,,,,
12,ESBL16,12 length=816 depth=4.64x,misc,M_7,False,False,False,4.64,816,[],,,,,,,,,,,,,,,,,,,,,,,,,,,,,,,,,,,,,,,,,,,,,,,,,,,,,,,,,,,,,,,
13,ESBL16,13 length=750 depth=2.95x,misc,M_8,False,False,False,2.95,750,[],,,,,,,,,,,,,,,,,,,,,,,,,,,,,,,,,,,,,,,,,,,,,,,,,,,,,,,,,,,,,,,
15,ESBL16,15 length=415 depth=2.21x,misc,M_9,False,False,False,2.21,415,[],,,,,,,,,,,,,,,,,,,,,,,,,,,,,,,,,,,,,,,,,,,,,,,,,,,,,,,,,,,,,,,
14,ESBL16,14 length=415 depth=0.84x,misc,M_10,False,False,False,0.84,415,[],,,,,,,,,,,,,,,,,,,,,,,,,,,,,,,,,,,,,,,,,,,,,,,,,,,,,,,,,,,,,,,
17,ESBL16,17 length=386 depth=3.25x,misc,M_11,False,False,False,3.25,386,[],,,,,,,,,,,,,,,,,,,,,,,,,,,,,,,,,,,,,,,,,,,,,,,,,,,,,,,,,,,,,,,
16,ESBL16,16 length=386 depth=1.21x,misc,M_12,False,False,False,1.21,386,[],,,,,,,,,,,,,,,,,,,,,,,,,,,,,,,,,,,,,,,,,,,,,,,,,,,,,,,,,,,,,,,
18,ESBL16,18 length=380 depth=3.04x,misc,M_13,False,False,False,3.04,380,[],,,,,,,,,,,,,,,,,,,,,,,,,,,,,,,,,,,,,,,,,,,,,,,,,,,,,,,,,,,,,,,
19,ESBL16,19 length=380 depth=1.26x,misc,M_14,False,False,False,1.26,380,[],,,,,,,,,,,,,,,,,,,,,,,,,,,,,,,,,,,,,,,,,,,,,,,,,,,,,,,,,,,,,,,
20,ESBL16,20 length=264 depth=7.11x,misc,M_15,False,False,False,7.11,264,[],,,,,,,,,,,,,,,,,,,,,,,,,,,,,,,,,,,,,,,,,,,,,,,,,,,,,,,,,,,,,,,
21,ESBL16,21 length=253 depth=3.84x,misc,M_16,False,False,False,3.84,253,[],,,,,,,,,,,,,,,,,,,,,,,,,,,,,,,,,,,,,,,,,,,,,,,,,,,,,,,,,,,,,,,
1,ESBL15,1 length=5000290 depth=1.00x circular=true,chromosome,C_0,False,True,True,1.00,5000290,"['mdf(A)', 'tet(34)']",,,,,,,,,,,,,,,,,,,,,,,,,,,,,,,,,,,,,,,,,,,,,,,,,,,,,3188112..3189344,,,,,,,3885324..3885679,,,
2,ESBL15,2 length=88891 depth=1.02x circular=true,plasmid,P_0,True,True,True,1.02,88891,"['blaCTX-M-1', 'IncI1']",,,,,,,,,,,,,,,,,,88635..88776,,,,,,,,,,,,,,,,,8258..9133,,,,,,,,,,,,,,,,,,,,,,,,,,,,
3,ESBL15,3 length=5330 depth=2.55x circular=true,plasmid,P_1,True,False,True,2.55,5330,"['Col(MGD2)', 'ColRNAI']",,,,,136..236,,,968..1096,,,,,,,,,,,,,,,,,,,,,,,,,,,,,,,,,,,,,,,,,,,,,,,,,,,,,,,
4,ESBL15,4 length=4734 depth=4.13x circular=true,plasmid,P_2,True,False,True,4.13,4734,['Col156'],,,,,,4110..4261,,,,,,,,,,,,,,,,,,,,,,,,,,,,,,,,,,,,,,,,,,,,,,,,,,,,,,,,,
5,ESBL15,5 length=4182 depth=0.35x,misc,M_0,False,False,False,0.35,4182,[],,,,,,,,,,,,,,,,,,,,,,,,,,,,,,,,,,,,,,,,,,,,,,,,,,,,,,,,,,,,,,,
6,ESBL15,6 length=3475 depth=0.35x,misc,M_1,False,False,False,0.35,3475,[],,,,,,,,,,,,,,,,,,,,,,,,,,,,,,,,,,,,,,,,,,,,,,,,,,,,,,,,,,,,,,,
7,ESBL15,7 length=1541 depth=0.33x,misc,M_2,False,False,False,0.33,1541,[],,,,,,,,,,,,,,,,,,,,,,,,,,,,,,,,,,,,,,,,,,,,,,,,,,,,,,,,,,,,,,,
8,ESBL15,8 length=1457 depth=0.33x,misc,M_3,False,False,False,0.33,1457,[],,,,,,,,,,,,,,,,,,,,,,,,,,,,,,,,,,,,,,,,,,,,,,,,,,,,,,,,,,,,,,,
9,ESBL15,9 length=1364 depth=0.35x,misc,M_4,False,False,False,0.35,1364,[],,,,,,,,,,,,,,,,,,,,,,,,,,,,,,,,,,,,,,,,,,,,,,,,,,,,,,,,,,,,,,,
10,ESBL15,10 length=1227 depth=0.42x,misc,M_5,False,False,False,0.42,1227,[],,,,,,,,,,,,,,,,,,,,,,,,,,,,,,,,,,,,,,,,,,,,,,,,,,,,,,,,,,,,,,,
1,ESBL14,1 length=4948141 depth=1.00x circular=true,chromosome,C_0,False,True,True,1.00,4948141,"['blaTEM-1B', 'mdf(A)']",,,,,,,,,,,,,,,,,,,,,,,,,,,,,,,,,,,,,,,,,,,55317..56177,,,,,,,,,,3242088..3243320,,,,,,,,,,
2,ESBL14,2 length=110070 depth=0.84x circular=true,plasmid,P_0,True,False,True,0.84,110070,"['IncFIB(AP001918)', 'IncFIA', 'IncFIC(FII)']",,,,,,,,,,101261..101623,109992..110070,,,46200..46497,,,,,,,,,,,,,,,,,,,,,,,,,,,,,,,,,,,,,,,,,,,,,,,,,
3,ESBL14,3 length=65952 depth=1.19x,plasmid,P_1,True,True,False,1.19,65952,"['blaCTX-M-14', 'IncFII']",,,,,,,,,,,,,,,27877..28137,,,,,,,,,,,,,,,,,,,,,21601..22476,,,,,,,,,,,,,,,,,,,,,,,,,,,
4,ESBL14,4 length=33820 depth=0.43x circular=true,plasmid,P_2,True,False,True,0.43,33820,"['IncX4', 'Col(MG828)']",,,,17831..17983,,,,,,,,,,,,,,,,,,,,16403..17114,,,,,,,,,,,,,,,,,,,,,,,,,,,,,,,,,,,,,,,
9,ESBL14,9 length=1753 depth=0.51x circular=true,plasmid,P_3,False,False,True,0.51,1753,[],,,,,,,,,,,,,,,,,,,,,,,,,,,,,,,,,,,,,,,,,,,,,,,,,,,,,,,,,,,,,,,
5,ESBL14,5 length=3031 depth=0.52x,misc,M_0,False,False,False,0.52,3031,[],,,,,,,,,,,,,,,,,,,,,,,,,,,,,,,,,,,,,,,,,,,,,,,,,,,,,,,,,,,,,,,
6,ESBL14,6 length=2671 depth=0.89x,misc,M_1,False,False,False,0.89,2671,[],,,,,,,,,,,,,,,,,,,,,,,,,,,,,,,,,,,,,,,,,,,,,,,,,,,,,,,,,,,,,,,
7,ESBL14,7 length=1910 depth=0.28x,misc,M_2,False,False,False,0.28,1910,[],,,,,,,,,,,,,,,,,,,,,,,,,,,,,,,,,,,,,,,,,,,,,,,,,,,,,,,,,,,,,,,
8,ESBL14,8 length=1793 depth=0.46x,misc,M_3,False,False,False,0.46,1793,[],,,,,,,,,,,,,,,,,,,,,,,,,,,,,,,,,,,,,,,,,,,,,,,,,,,,,,,,,,,,,,,
10,ESBL14,10 length=1716 depth=0.63x,misc,M_4,False,False,False,0.63,1716,[],,,,,,,,,,,,,,,,,,,,,,,,,,,,,,,,,,,,,,,,,,,,,,,,,,,,,,,,,,,,,,,
11,ESBL14,11 length=1247 depth=0.32x,misc,M_5,False,False,False,0.32,1247,[],,,,,,,,,,,,,,,,,,,,,,,,,,,,,,,,,,,,,,,,,,,,,,,,,,,,,,,,,,,,,,,
12,ESBL14,12 length=1127 depth=0.76x,misc,M_6,False,False,False,0.76,1127,[],,,,,,,,,,,,,,,,,,,,,,,,,,,,,,,,,,,,,,,,,,,,,,,,,,,,,,,,,,,,,,,
1,ESBL13,1 length=5042724 depth=1.00x,chromosome,C_0,False,True,False,1.00,5042724,"['mdf(A)', 'tet(34)']",,,,,,,,,,,,,,,,,,,,,,,,,,,,,,,,,,,,,,,,,,,,,,,,,,,,,2802865..2804097,,,,,,,2167613..2167968,,,
2,ESBL13,2 length=109574 depth=0.70x circular=true,plasmid,P_0,True,False,True,0.70,109574,['IncFIB(pKPHS1)'],,,,,,,,,,,,,109455..109574,,,,,,,,,,,,,,,,,,,,,,,,,,,,,,,,,,,,,,,,,,,,,,,,,,
3,ESBL13,3 length=59773 depth=1.11x circular=true,plasmid,P_1,True,True,True,1.11,59773,"['IncI1', 'blaCMY-42']",,,,,,,,,,,,,,,,,,59563..59699,,,,,,,,,,,,,,,,39198..40343,,,,,,,,,,,,,,,,,,,,,,,,,,,,,
4,ESBL13,4 length=4072 depth=4.07x circular=true,plasmid,P_2,False,False,True,4.07,4072,[],,,,,,,,,,,,,,,,,,,,,,,,,,,,,,,,,,,,,,,,,,,,,,,,,,,,,,,,,,,,,,,
5,ESBL13,5 length=2506 depth=0.51x,misc,M_0,False,False,False,0.51,2506,[],,,,,,,,,,,,,,,,,,,,,,,,,,,,,,,,,,,,,,,,,,,,,,,,,,,,,,,,,,,,,,,
6,ESBL13,6 length=2097 depth=0.28x,misc,M_1,False,False,False,0.28,2097,[],,,,,,,,,,,,,,,,,,,,,,,,,,,,,,,,,,,,,,,,,,,,,,,,,,,,,,,,,,,,,,,
7,ESBL13,7 length=1561 depth=0.47x,misc,M_2,False,False,False,0.47,1561,[],,,,,,,,,,,,,,,,,,,,,,,,,,,,,,,,,,,,,,,,,,,,,,,,,,,,,,,,,,,,,,,
1,ESBL12,1 length=5325512 depth=1.00x,chromosome,C_0,False,True,False,1.00,5325512,"['blaCTX-M-14b', ""ant(3'')-Ia"", 'dfrA1', 'mdf(A)', 'blaTEM-1B', ""aph(3')-Ia"", 'tet(D)']",,,,,,,,,,,,,,,,,,,,,,,,,,,,,,2384625..2385424,,3115286..3116101,,,,,2046357..2047232,,,,,,3119423..3120283,,,,2383486..2383959,,,,,,4144456..4145688,,,,,,,,,,3117759..3118943
2,ESBL12,2 length=144412 depth=1.12x,plasmid,P_0,True,False,False,1.12,144412,"['IncFII(pRSB107)', 'IncFIB(AP001918)']",,,,,,,,,,,105697..106378,,,,,,60907..61167,,,,,,,,,,,,,,,,,,,,,,,,,,,,,,,,,,,,,,,,,,,,,,
3,ESBL12,3 length=4888 depth=0.48x,misc,M_0,False,False,False,0.48,4888,[],,,,,,,,,,,,,,,,,,,,,,,,,,,,,,,,,,,,,,,,,,,,,,,,,,,,,,,,,,,,,,,
4,ESBL12,4 length=3536 depth=0.31x,misc,M_1,False,False,False,0.31,3536,[],,,,,,,,,,,,,,,,,,,,,,,,,,,,,,,,,,,,,,,,,,,,,,,,,,,,,,,,,,,,,,,
5,ESBL12,5 length=3075 depth=0.28x,misc,M_2,False,False,False,0.28,3075,[],,,,,,,,,,,,,,,,,,,,,,,,,,,,,,,,,,,,,,,,,,,,,,,,,,,,,,,,,,,,,,,
6,ESBL12,6 length=1827 depth=0.33x,misc,M_3,False,False,False,0.33,1827,[],,,,,,,,,,,,,,,,,,,,,,,,,,,,,,,,,,,,,,,,,,,,,,,,,,,,,,,,,,,,,,,
7,ESBL12,7 length=1788 depth=0.28x,misc,M_4,False,False,False,0.28,1788,[],,,,,,,,,,,,,,,,,,,,,,,,,,,,,,,,,,,,,,,,,,,,,,,,,,,,,,,,,,,,,,,
8,ESBL12,8 length=1668 depth=0.37x,misc,M_5,False,False,False,0.37,1668,[],,,,,,,,,,,,,,,,,,,,,,,,,,,,,,,,,,,,,,,,,,,,,,,,,,,,,,,,,,,,,,,
9,ESBL12,9 length=1153 depth=0.29x,misc,M_6,False,False,False,0.29,1153,[],,,,,,,,,,,,,,,,,,,,,,,,,,,,,,,,,,,,,,,,,,,,,,,,,,,,,,,,,,,,,,,
10,ESBL12,10 length=1019 depth=0.28x,misc,M_7,False,False,False,0.28,1019,[],,,,,,,,,,,,,,,,,,,,,,,,,,,,,,,,,,,,,,,,,,,,,,,,,,,,,,,,,,,,,,,
11,ESBL12,11 length=1015 depth=0.32x,misc,M_8,False,False,False,0.32,1015,[],,,,,,,,,,,,,,,,,,,,,,,,,,,,,,,,,,,,,,,,,,,,,,,,,,,,,,,,,,,,,,,
1,ESBL11,1 length=5241852 depth=1.00x,chromosome,C_0,False,True,False,1.00,5241852,"['mdf(A)', 'tet(34)']",,,,,,,,,,,,,,,,,,,,,,,,,,,,,,,,,,,,,,,,,,,,,,,,,,,,,965011..966243,,,,,,,323727..324082,,,
2,ESBL11,2 length=165691 depth=1.20x circular=true,plasmid,P_0,True,True,True,1.20,165691,"[""ant(3'')-Ia"", 'mph(A)', 'catB3', 'aadA5', ""aac(6')-Ib-cr"", 'dfrA17', 'sul1', 'sul2', 'blaOXA-1', 'IncFIB(AP001918)', 'tet(A)', 'blaCTX-M-27', 'IncFII(pRSB107)', 'IncFIA', 'ARR-3', ""aph(3'')-Ib"", 'erm(B)']",34602..34888,,,,,,,,,132158..132545,165613..165691,,,,,,29232..29492,,,,,,,,,,36667..37266,78165..78953,,79576..79742,55476..56279,,,,,,,,63111..63986,,35706..36536,,,,34936..35568,,,,,79084..79557,68647..69409,,,,70563..71484,,76779..77645,54600..55415,,,58094..59340,,
3,ESBL11,3 length=97808 depth=0.83x circular=true,plasmid,P_1,True,False,True,0.83,97808,['p0111'],,,,,,,,,,,,,,,,,,,,,,,,,,,,,,,,,,,,,,,,,,,,,,,,,,,,,,,,86508..87392,,,,,,,
4,ESBL11,4 length=5180 depth=3.77x circular=true,plasmid,P_2,True,False,True,3.77,5180,['Col156'],,,,,,717..870,,,,,,,,,,,,,,,,,,,,,,,,,,,,,,,,,,,,,,,,,,,,,,,,,,,,,,,,,
5,ESBL11,5 length=5166 depth=3.67x circular=true,plasmid,P_3,True,False,True,3.67,5166,['Col156'],,,,,,511..664,,,,,,,,,,,,,,,,,,,,,,,,,,,,,,,,,,,,,,,,,,,,,,,,,,,,,,,,,
6,ESBL11,6 length=4082 depth=4.69x circular=true,plasmid,P_4,True,False,True,4.69,4082,['Col8282'],,,,,,,3660..3861,,,,,,,,,,,,,,,,,,,,,,,,,,,,,,,,,,,,,,,,,,,,,,,,,,,,,,,,
8,ESBL11,8 length=1459 depth=9.77x circular=true,plasmid,P_5,True,False,True,9.77,1459,['Col(MG828)'],,,,675..936,,,,,,,,,,,,,,,,,,,,,,,,,,,,,,,,,,,,,,,,,,,,,,,,,,,,,,,,,,,
7,ESBL11,7 length=2506 depth=0.43x,misc,M_0,False,False,False,0.43,2506,[],,,,,,,,,,,,,,,,,,,,,,,,,,,,,,,,,,,,,,,,,,,,,,,,,,,,,,,,,,,,,,,
9,ESBL11,9 length=1107 depth=0.28x,misc,M_1,False,False,False,0.28,1107,[],,,,,,,,,,,,,,,,,,,,,,,,,,,,,,,,,,,,,,,,,,,,,,,,,,,,,,,,,,,,,,,
1,ESBL10,1 length=5247485 depth=1.00x circular=true,chromosome,C_0,False,True,True,1.00,5247485,"['blaCTX-M-15', ""aac(6')-Ib-cr"", 'catB3', 'mdf(A)', 'blaOXA-1']",,,,,,,,,,,,,,,,,,,,,,,,,,,990786..991385,,,,,,,,,,,997211..998086,,,991516..992346,,,,992484..992928,,,,,,,,4676088..4677320,,,,,,,,,,
2,ESBL10,2 length=55573 depth=1.17x,plasmid,P_0,True,False,False,1.17,55573,['IncFIC(FII)'],,,,,,,,,,,,,,16632..17132,,,,,,,,,,,,,,,,,,,,,,,,,,,,,,,,,,,,,,,,,,,,,,,,,
3,ESBL10,3 length=46523 depth=1.09x,plasmid,P_1,True,False,False,1.09,46523,"['IncFIA', 'IncFIB(AP001918)']",,,,,,,,,,21785..22168,8401..9082,,,,,,,,,,,,,,,,,,,,,,,,,,,,,,,,,,,,,,,,,,,,,,,,,,,,
4,ESBL10,4 length=15251 depth=7.10x circular=true,plasmid,P_2,False,False,True,7.10,15251,[],,,,,,,,,,,,,,,,,,,,,,,,,,,,,,,,,,,,,,,,,,,,,,,,,,,,,,,,,,,,,,,
5,ESBL10,5 length=4824 depth=0.31x,misc,M_0,False,False,False,0.31,4824,[],,,,,,,,,,,,,,,,,,,,,,,,,,,,,,,,,,,,,,,,,,,,,,,,,,,,,,,,,,,,,,,
6,ESBL10,6 length=4545 depth=0.36x,misc,M_1,False,False,False,0.36,4545,[],,,,,,,,,,,,,,,,,,,,,,,,,,,,,,,,,,,,,,,,,,,,,,,,,,,,,,,,,,,,,,,
7,ESBL10,7 length=1560 depth=0.36x,misc,M_2,False,False,False,0.36,1560,[],,,,,,,,,,,,,,,,,,,,,,,,,,,,,,,,,,,,,,,,,,,,,,,,,,,,,,,,,,,,,,,
8,ESBL10,8 length=1457 depth=1.65x,misc,M_3,False,False,False,1.65,1457,[],,,,,,,,,,,,,,,,,,,,,,,,,,,,,,,,,,,,,,,,,,,,,,,,,,,,,,,,,,,,,,,
9,ESBL10,9 length=902 depth=0.36x,misc,M_4,False,False,False,0.36,902,[],,,,,,,,,,,,,,,,,,,,,,,,,,,,,,,,,,,,,,,,,,,,,,,,,,,,,,,,,,,,,,,
10,ESBL10,10 length=671 depth=1.75x,misc,M_5,False,False,False,1.75,671,[],,,,,,,,,,,,,,,,,,,,,,,,,,,,,,,,,,,,,,,,,,,,,,,,,,,,,,,,,,,,,,,
11,ESBL10,11 length=647 depth=1.31x,misc,M_6,False,False,False,1.31,647,[],,,,,,,,,,,,,,,,,,,,,,,,,,,,,,,,,,,,,,,,,,,,,,,,,,,,,,,,,,,,,,,
12,ESBL10,12 length=492 depth=1.39x,misc,M_7,False,False,False,1.39,492,[],,,,,,,,,,,,,,,,,,,,,,,,,,,,,,,,,,,,,,,,,,,,,,,,,,,,,,,,,,,,,,,
13,ESBL10,13 length=486 depth=1.75x,misc,M_8,False,False,False,1.75,486,[],,,,,,,,,,,,,,,,,,,,,,,,,,,,,,,,,,,,,,,,,,,,,,,,,,,,,,,,,,,,,,,
14,ESBL10,14 length=386 depth=0.36x,misc,M_9,False,False,False,0.36,386,[],,,,,,,,,,,,,,,,,,,,,,,,,,,,,,,,,,,,,,,,,,,,,,,,,,,,,,,,,,,,,,,
15,ESBL10,15 length=335 depth=1.39x,misc,M_10,False,False,False,1.39,335,[],,,,,,,,,,,,,,,,,,,,,,,,,,,,,,,,,,,,,,,,,,,,,,,,,,,,,,,,,,,,,,,
16,ESBL10,16 length=240 depth=0.36x,misc,M_11,False,False,False,0.36,240,[],,,,,,,,,,,,,,,,,,,,,,,,,,,,,,,,,,,,,,,,,,,,,,,,,,,,,,,,,,,,,,,
17,ESBL10,17 length=191 depth=1.39x,misc,M_12,False,False,False,1.39,191,[],,,,,,,,,,,,,,,,,,,,,,,,,,,,,,,,,,,,,,,,,,,,,,,,,,,,,,,,,,,,,,,
18,ESBL10,18 length=181 depth=0.36x,misc,M_13,False,False,False,0.36,181,[],,,,,,,,,,,,,,,,,,,,,,,,,,,,,,,,,,,,,,,,,,,,,,,,,,,,,,,,,,,,,,,
19,ESBL10,19 length=149 depth=1.46x,misc,M_14,False,False,False,1.46,149,[],,,,,,,,,,,,,,,,,,,,,,,,,,,,,,,,,,,,,,,,,,,,,,,,,,,,,,,,,,,,,,,
20,ESBL10,20 length=125 depth=1.72x,misc,M_15,False,False,False,1.72,125,[],,,,,,,,,,,,,,,,,,,,,,,,,,,,,,,,,,,,,,,,,,,,,,,,,,,,,,,,,,,,,,,
21,ESBL10,21 length=100 depth=1.53x,misc,M_16,False,False,False,1.53,100,[],,,,,,,,,,,,,,,,,,,,,,,,,,,,,,,,,,,,,,,,,,,,,,,,,,,,,,,,,,,,,,,
1,ESBL04,1 length=5407893 depth=1.00x circular=true,chromosome,C_0,False,True,True,1.00,5407893,"['catB3', 'mdf(A)', ""aac(6')-Ib-cr"", 'blaCTX-M-15', 'aac(3)-IIa', 'blaOXA-1']",,,,,,,,,,,,,,,,,,,,,,,,,1032196..1033056,,1029193..1029792,,,,,,,,,,,4864018..4864893,,,1029923..1030753,,,,1030891..1031335,,,,,,,,1101360..1102592,,,,,,,,,,
2,ESBL04,2 length=5130 depth=0.27x,misc,M_0,False,False,False,0.27,5130,[],,,,,,,,,,,,,,,,,,,,,,,,,,,,,,,,,,,,,,,,,,,,,,,,,,,,,,,,,,,,,,,
3,ESBL04,3 length=1838 depth=0.33x,misc,M_1,False,False,False,0.33,1838,[],,,,,,,,,,,,,,,,,,,,,,,,,,,,,,,,,,,,,,,,,,,,,,,,,,,,,,,,,,,,,,,
4,ESBL04,4 length=1459 depth=10.80x circular=true,plasmid,P_0,True,False,True,10.80,1459,['Col(MG828)'],,,,675..936,,,,,,,,,,,,,,,,,,,,,,,,,,,,,,,,,,,,,,,,,,,,,,,,,,,,,,,,,,,
1,ESBL19,1 length=5032693 depth=1.00x circular=true,chromosome,C_0,False,True,True,1.00,5032693,['mdf(A)'],,,,,,,,,,,,,,,,,,,,,,,,,,,,,,,,,,,,,,,,,,,,,,,,,,,,,4500449..4501681,,,,,,,,,,
2,ESBL19,2 length=130208 depth=1.22x circular=true,plasmid,P_0,True,True,True,1.22,130208,"[""ant(3'')-Ia"", 'mph(A)', ""aph(3'')-Ib"", 'aadA5', 'dfrA17', 'Col156', 'sul1', 'sul2', 'IncFIB(AP001918)', 'tet(A)', 'blaCTX-M-27', 'IncFII(pRSB107)', 'IncFIA']",,,,,,23427..23580,,,,114468..114855,130130..130208,,,,,,85658..85918,,,,,,,,,,,107573..108361,,108984..109150,96921..97724,,,,,,,,91379..92254,,,,,,,,,,,108492..108965,,,,,99971..100892,,106187..107053,97785..98600,,,93860..95106,,
3,ESBL19,3 length=87713 depth=1.14x circular=true,plasmid,P_1,True,False,True,1.14,87713,['IncI1'],,,,,,,,,,,,,,,,,,87457..87598,,,,,,,,,,,,,,,,,,,,,,,,,,,,,,,,,,,,,,,,,,,,,
4,ESBL19,4 length=5167 depth=3.41x circular=true,plasmid,P_2,True,False,True,3.41,5167,['Col156'],,,,,,511..664,,,,,,,,,,,,,,,,,,,,,,,,,,,,,,,,,,,,,,,,,,,,,,,,,,,,,,,,,
7,ESBL19,7 length=1549 depth=11.35x circular=true,plasmid,P_3,True,False,True,11.35,1549,['Col(MG828)'],,,,708..969,,,,,,,,,,,,,,,,,,,,,,,,,,,,,,,,,,,,,,,,,,,,,,,,,,,,,,,,,,,
5,ESBL19,5 length=2832 depth=0.35x,misc,M_0,False,False,False,0.35,2832,[],,,,,,,,,,,,,,,,,,,,,,,,,,,,,,,,,,,,,,,,,,,,,,,,,,,,,,,,,,,,,,,
6,ESBL19,6 length=2668 depth=0.27x,misc,M_1,False,False,False,0.27,2668,[],,,,,,,,,,,,,,,,,,,,,,,,,,,,,,,,,,,,,,,,,,,,,,,,,,,,,,,,,,,,,,,
1,ESBL18,1 length=2687195 depth=1.00x,chromosome,C_0,False,True,False,1.00,2687195,['mdf(A)'],,,,,,,,,,,,,,,,,,,,,,,,,,,,,,,,,,,,,,,,,,,,,,,,,,,,,311390..312622,,,,,,,,,,
2,ESBL18,2 length=2309565 depth=1.26x,chromosome,C_1,False,False,False,1.26,2309565,[],,,,,,,,,,,,,,,,,,,,,,,,,,,,,,,,,,,,,,,,,,,,,,,,,,,,,,,,,,,,,,,
3,ESBL18,3 length=108389 depth=0.69x circular=true,plasmid,P_0,True,False,True,0.69,108389,['IncFIB(pHCM2)'],,,,,,,,,,,,181..1055,,,,,,,,,,,,,,,,,,,,,,,,,,,,,,,,,,,,,,,,,,,,,,,,,,,
4,ESBL18,4 length=91889 depth=1.46x circular=true,plasmid,P_1,True,True,True,1.46,91889,"['IncB/O/K/Z', 'aph(6)-Id', ""aph(3'')-Ib"", 'sul2', 'blaTEM-15']",,,,,,,,,91614..91773,,,,,,,,,,,,,,,,,,,,,,37059..37862,,31269..32001,,,,,,,,,35943..36803,,,,,,,,,,,,,,,,37923..38738,,,,,
6,ESBL18,6 length=39801 depth=0.79x circular=true,plasmid,P_2,True,True,True,0.79,39801,"['IncX1', 'IncX3', 'blaTEM-15']",,,,,,,,,,,,,,,,,,,,,,28732..29105,29748..30089,,,,,,,,,,,,,,,,,,,16676..17536,,,,,,,,,,,,,,,,,,,,,
8,ESBL18,8 length=6662 depth=3.93x circular=true,plasmid,P_3,True,False,True,3.93,6662,['ColRNAI'],,,,,,,,4242..4372,,,,,,,,,,,,,,,,,,,,,,,,,,,,,,,,,,,,,,,,,,,,,,,,,,,,,,,
9,ESBL18,9 length=5631 depth=3.11x circular=true,plasmid,P_4,True,False,True,3.11,5631,['ColRNAI'],,,,,,,,4800..4919,,,,,,,,,,,,,,,,,,,,,,,,,,,,,,,,,,,,,,,,,,,,,,,,,,,,,,,
11,ESBL18,11 length=3916 depth=2.48x circular=true,plasmid,P_5,True,False,True,2.48,3916,['ColRNAI'],,,,,,,,1347..1477,,,,,,,,,,,,,,,,,,,,,,,,,,,,,,,,,,,,,,,,,,,,,,,,,,,,,,,
14,ESBL18,14 length=2120 depth=0.33x,plasmid,P_6,True,False,False,0.33,2120,"['IncX1', 'IncX3']",,,,,,,,,,,,,,,,,,,,,,828..1201,1848..2080,,,,,,,,,,,,,,,,,,,,,,,,,,,,,,,,,,,,,,,,
18,ESBL18,18 length=1551 depth=11.14x circular=true,plasmid,P_7,True,False,True,11.14,1551,['Col(MG828)'],,,,709..968,,,,,,,,,,,,,,,,,,,,,,,,,,,,,,,,,,,,,,,,,,,,,,,,,,,,,,,,,,,
19,ESBL18,19 length=1193 depth=15.75x,plasmid,P_8,True,False,False,15.75,1193,['Col(MG828)'],,,,1..248,,,,,,,,,,,,,,,,,,,,,,,,,,,,,,,,,,,,,,,,,,,,,,,,,,,,,,,,,,,
21,ESBL18,21 length=1134 depth=15.26x,plasmid,P_9,True,False,False,15.26,1134,['Col(MG828)'],,,,2..244,,,,,,,,,,,,,,,,,,,,,,,,,,,,,,,,,,,,,,,,,,,,,,,,,,,,,,,,,,,
5,ESBL18,5 length=46589 depth=11.88x,misc,M_0,False,False,False,11.88,46589,[],,,,,,,,,,,,,,,,,,,,,,,,,,,,,,,,,,,,,,,,,,,,,,,,,,,,,,,,,,,,,,,
7,ESBL18,7 length=12519 depth=0.45x,misc,M_1,False,False,False,0.45,12519,[],,,,,,,,,,,,,,,,,,,,,,,,,,,,,,,,,,,,,,,,,,,,,,,,,,,,,,,,,,,,,,,
10,ESBL18,10 length=4507 depth=0.54x,misc,M_2,False,False,False,0.54,4507,[],,,,,,,,,,,,,,,,,,,,,,,,,,,,,,,,,,,,,,,,,,,,,,,,,,,,,,,,,,,,,,,
12,ESBL18,12 length=2688 depth=0.65x,misc,M_3,False,False,False,0.65,2688,[],,,,,,,,,,,,,,,,,,,,,,,,,,,,,,,,,,,,,,,,,,,,,,,,,,,,,,,,,,,,,,,
13,ESBL18,13 length=2283 depth=0.55x,misc,M_4,False,False,False,0.55,2283,[],,,,,,,,,,,,,,,,,,,,,,,,,,,,,,,,,,,,,,,,,,,,,,,,,,,,,,,,,,,,,,,
15,ESBL18,15 length=2105 depth=0.44x,misc,M_5,False,False,False,0.44,2105,[],,,,,,,,,,,,,,,,,,,,,,,,,,,,,,,,,,,,,,,,,,,,,,,,,,,,,,,,,,,,,,,
16,ESBL18,16 length=1719 depth=0.72x,misc,M_6,False,False,False,0.72,1719,[],,,,,,,,,,,,,,,,,,,,,,,,,,,,,,,,,,,,,,,,,,,,,,,,,,,,,,,,,,,,,,,
17,ESBL18,17 length=1658 depth=0.55x,misc,M_7,False,False,False,0.55,1658,[],,,,,,,,,,,,,,,,,,,,,,,,,,,,,,,,,,,,,,,,,,,,,,,,,,,,,,,,,,,,,,,
20,ESBL18,20 length=1151 depth=0.31x,misc,M_8,False,False,False,0.31,1151,[],,,,,,,,,,,,,,,,,,,,,,,,,,,,,,,,,,,,,,,,,,,,,,,,,,,,,,,,,,,,,,,
22,ESBL18,22 length=372 depth=38.45x,misc,M_9,False,False,False,38.45,372,[],,,,,,,,,,,,,,,,,,,,,,,,,,,,,,,,,,,,,,,,,,,,,,,,,,,,,,,,,,,,,,,
1,ESBL06,1 length=4928862 depth=1.00x circular=true,chromosome,C_0,False,True,True,1.00,4928862,"['mdf(A)', 'tet(34)']",,,,,,,,,,,,,,,,,,,,,,,,,,,,,,,,,,,,,,,,,,,,,,,,,,,,,3153029..3154261,,,,,,,3778322..3778677,,,
2,ESBL06,2 length=110651 depth=0.70x circular=true,plasmid,P_0,True,False,True,0.70,110651,['IncFIB(pKPHS1)'],,,,,,,,,,,,,110532..110651,,,,,,,,,,,,,,,,,,,,,,,,,,,,,,,,,,,,,,,,,,,,,,,,,,
3,ESBL06,3 length=90573 depth=1.16x circular=true,plasmid,P_1,True,True,True,1.16,90573,"['blaCTX-M-1', 'IncI1']",,,,,,,,,,,,,,,,,,90362..90503,,,,,,,,,,,,,,,,,84202..85077,,,,,,,,,,,,,,,,,,,,,,,,,,,,
4,ESBL06,4 length=51983 depth=0.68x circular=true,plasmid,P_2,True,True,True,0.68,51983,"['IncX1', ""ant(3'')-Ia"", 'IncX3', 'lnu(F)', 'blaTEM-1B']",,,,,,,,,,,,,,,,,,,,,,1730..2103,1..233,,,,,,,20935..21746,,,,,,,,,,,,,14815..15675,,,,,,,,,19982..20803,,,,,,,,,,,
5,ESBL06,5 length=30157 depth=1.14x,plasmid,P_3,True,True,False,1.14,30157,"['mef(B)', 'IncR', 'aadA8b', ""ant(3'')-Ia"", 'dfrA12', 'sul3', 'cmlA1', 'IncN']",,,,,,,,,,,,,,,,,,,238..375,,8315..8565,,,,,,,,23370..24161,20965..21766,,,,,,,,,,,,,,,,21849..23108,,24569..25066,,,,,,16469..16731,,,,,18492..19283,,,,
6,ESBL06,6 length=2462 depth=0.80x,misc,M_0,False,False,False,0.80,2462,[],,,,,,,,,,,,,,,,,,,,,,,,,,,,,,,,,,,,,,,,,,,,,,,,,,,,,,,,,,,,,,,
7,ESBL06,7 length=2328 depth=0.33x,misc,M_1,False,False,False,0.33,2328,[],,,,,,,,,,,,,,,,,,,,,,,,,,,,,,,,,,,,,,,,,,,,,,,,,,,,,,,,,,,,,,,
8,ESBL06,8 length=1553 depth=0.37x,misc,M_2,False,False,False,0.37,1553,[],,,,,,,,,,,,,,,,,,,,,,,,,,,,,,,,,,,,,,,,,,,,,,,,,,,,,,,,,,,,,,,
9,ESBL06,9 length=111 depth=2.24x,misc,M_3,False,False,False,2.24,111,[],,,,,,,,,,,,,,,,,,,,,,,,,,,,,,,,,,,,,,,,,,,,,,,,,,,,,,,,,,,,,,,
1,ESBL07,1 length=5260696 depth=1.00x circular=true,chromosome,C_0,False,True,True,1.00,5260696,"['catB3', 'mdf(A)', ""aac(6')-Ib-cr"", 'blaCTX-M-15', 'aac(3)-IIa', 'blaOXA-1']",,,,,,,,,,,,,,,,,,,,,,,,,1077020..1077880,,1080284..1080883,,,,,,,,,,,998681..999556,,,1079323..1080153,,,,1078741..1079185,,,,,,,,4690545..4691777,,,,,,,,,,
2,ESBL07,2 length=116022 depth=0.89x,plasmid,P_0,True,False,False,0.89,116022,"['IncFIB(AP001918)', 'IncFIA', 'IncFIC(FII)']",,,,,,,,,,109841..110224,96463..97144,,,60858..61156,,,,,,,,,,,,,,,,,,,,,,,,,,,,,,,,,,,,,,,,,,,,,,,,,
3,ESBL07,3 length=84617 depth=1.01x circular=true,plasmid,P_1,True,True,True,1.01,84617,"['tet(B)', 'IncFIC(FII)']",,,,,,,,,,,,,,84323..84617,,,,,,,,,,,,,,,,,,,,,,,,,,,,,,,,,,,,,,,,,,,,,,,,29922..31127,
4,ESBL07,4 length=3962 depth=0.41x,misc,M_0,False,False,False,0.41,3962,[],,,,,,,,,,,,,,,,,,,,,,,,,,,,,,,,,,,,,,,,,,,,,,,,,,,,,,,,,,,,,,,
5,ESBL07,5 length=2255 depth=0.26x,misc,M_1,False,False,False,0.26,2255,[],,,,,,,,,,,,,,,,,,,,,,,,,,,,,,,,,,,,,,,,,,,,,,,,,,,,,,,,,,,,,,,
6,ESBL07,6 length=1634 depth=0.32x,misc,M_2,False,False,False,0.32,1634,[],,,,,,,,,,,,,,,,,,,,,,,,,,,,,,,,,,,,,,,,,,,,,,,,,,,,,,,,,,,,,,,
7,ESBL07,7 length=1267 depth=0.40x,misc,M_3,False,False,False,0.40,1267,[],,,,,,,,,,,,,,,,,,,,,,,,,,,,,,,,,,,,,,,,,,,,,,,,,,,,,,,,,,,,,,,
